Year,County,GDPPC,gi_star,cluster,e_gi,var_gi,std_dev,p_value,p_sim,p_folded_sim,skewness,kurtosis
2005,Anhua,4411,-1.1495102911319848,Low,0.010273962774662835,2.0179760677248735e-6,-0.5904680669165082,0.5548768884271164,0.636,0.318,0.6325602922511118,0.17886215441375697
2005,Anren,7423,1.6666940531079943,Low,0.01127780839126592,2.395058512200768e-6,1.7586050178231616,0.07864462011392044,0.124,0.062,0.673514985510113,0.25412968574770955
2005,Anxiang,8184,0.39812392228592,High,0.011679247904660272,2.913588190140568e-6,0.2643661586597482,0.7914977856277292,0.668,0.334,0.8380242247350915,1.0358001306882665
2005,Baojing,4612,-1.4448547329980757,Low,0.010179331167095098,2.94299507011205e-6,-0.9319452785699289,0.35136480607414916,0.312,0.156,0.8981389477718572,1.1074000426109638
2005,Chaling,8040,0.5669665418301826,High,0.011852866321726066,3.530415977064036e-6,0.43577852861972655,0.6629974236280853,0.576,0.288,0.8819595957100319,1.1334193387557718
2005,Changning,7906,0.5501140552006613,High,0.011478183695541239,2.9113151000054554e-6,0.5538903909861909,0.5796538616743669,0.484,0.242,0.8362699142892377,0.7503354090207441
2005,Changsha,24612,5.028299506628905,High,0.01771521824739825,1.9333195311245164e-6,1.907499993579176,0.05645587186840014,0.072,0.036,0.6985988123407767,0.7947314266734518
2005,Chengbu,5897,-1.5741796938226897,Low,0.010703957840225002,3.584647127841461e-6,-1.3920557980773,0.1639055019498313,0.084,0.042,0.9519772810059284,1.0517873806625122
2005,Chenxi,4432,-1.8194941219638279,Low,0.009981206955987247,2.5442385360223064e-6,-1.3305218339626372,0.18334639740191794,0.116,0.058,0.939677396722683,1.709851825897129
2005,Cili,5703,-0.5134204892737835,Low,0.010287252683470069,3.3061854217878865e-6,-0.05945883994631019,0.952586648409112,0.92,0.46,0.9944983557081842,1.4777251677260486
2005,Dao,6040,-1.0307820341591336,Low,0.010685220845525367,3.362641687436931e-6,-0.8067363974157676,0.41981836958692337,0.396,0.198,1.0519149482916481,1.3816753748159485
2005,Dongan,7374,-0.8618294994967629,Low,0.011345314286898205,3.3261593172787587e-6,-0.9791624828961575,0.32749970265130607,0.288,0.144,0.9949514174412677,1.3372917692917952
2005,Dongkou,5375,-1.7578218507367824,Low,0.01041258748718053,2.571726466411355e-6,-1.5183134707451071,0.1289353933795055,0.08,0.04,0.8377660308759561,0.9854001402266261
2005,Fenghuang,3770,-1.186951579046907,Low,0.009513419304879481,2.8879093025726332e-6,-0.3733507189728583,0.708887432588789,0.808,0.404,0.6637355185549726,0.20917903670163351
2005,Guidong,4528,0.5162823665742117,Low,0.009553763160183986,2.9917917383150647e-6,1.7349877125732396,0.08274298163465935,0.14,0.07,1.0684298385573046,1.541335270535968
2005,Guiyang,8933,1.896617651075708,High,0.0116826739208463,2.1334503188233846e-6,1.7269106420766431,0.08418371287543772,0.108,0.054,0.841070449919741,1.099657258405232
2005,Guzhang,3893,-1.4204778971943077,Low,0.009864153840479789,2.749069189794337e-6,-0.7458452873088572,0.45576087920675273,0.432,0.216,1.0495727922738733,2.069608395849757
2005,Hanshou,6560,-0.23690950074958136,Low,0.01108248337914945,3.0835158649767367e-6,-0.0997616880679507,0.9205335247556071,0.96,0.48,0.7382300753561977,0.6818099835953957
2005,Hengdong,8066,0.6897772801917946,High,0.011499895504968917,2.606917107016234e-6,0.680591365789313,0.4961300917767825,0.44,0.22,0.9173049968388562,1.5790478672015835
2005,Hengnan,8217,0.4567647408068606,High,0.011557808545315646,2.3055391953170976e-6,0.37678813388677457,0.7063310597413341,0.648,0.324,0.5846469615019109,0.24371542418000658
2005,Hengshan,8035,0.02202416988491816,High,0.011651467958850777,2.8117328041733263e-6,-0.14635346581676334,0.883642360575194,0.948,0.474,0.757491585214382,0.8384339628609392
2005,Hengyang,7246,-0.12951662043436035,Low,0.011294650633854963,2.8782887371390186e-6,-0.10638551473954379,0.9152764854164215,0.948,0.474,1.1218235742228169,2.1542878638268776
2005,Hongjiang,5514,-1.522940955152556,Low,0.010640382479101972,2.6101323303053113e-6,-1.240274646448399,0.21487382671163055,0.14,0.07,0.7690999635429562,0.7790217206229113
2005,Huarong,7234,-0.1794453631292123,Low,0.011128087930157793,3.6675946268425166e-6,-0.12014530815096502,0.9043680415963747,0.888,0.444,1.3571767797937386,2.3382671026471353
2005,Huayuan,6784,-0.340358978943809,Low,0.010983703088449136,3.668724436086236e-6,-0.21160105134670407,0.8324182890478845,0.948,0.474,1.376676000448991,3.8683078723688666
2005,Huitong,4439,-1.4528618852071697,Low,0.009940257221151601,2.89639205508849e-6,-0.9506804420326133,0.34176661944618464,0.336,0.168,0.7901260441753295,0.7199112043186182
2005,Jiahe,9622,0.3485839011363257,High,0.012299633883218463,2.732672263565719e-6,-0.1600388069692603,0.8728505046372472,1,0.5,0.7408461853546949,0.5087915965039014
2005,Jianghua,5420,-1.4034182455129702,Low,0.010346952248394894,2.7140995054289906e-6,-1.166125407832234,0.24356374533953787,0.196,0.098,0.8766130196995886,1.2769404999530103
2005,Jiangyong,5977,-0.9624965592305592,Low,0.010138547258843443,3.1308827778788416e-6,-0.7191407055890827,0.47205422892775145,0.448,0.224,1.2697503492038815,2.6703490106439904
2005,Jingzhou,5891,-1.31793329184719,Low,0.010437901824038467,3.2235473836721924e-6,-1.1779002152391487,0.2388363892775551,0.172,0.086,0.9939948327440271,1.237021109108852
2005,Jinshi,9956,1.0530864875865928,High,0.012647566025434265,2.6871108533478023e-6,0.5615586494987032,0.5744167602765807,0.528,0.264,0.6365067561601543,0.3661003050889078
2005,Jishou,12970,-0.4287787890115023,High,0.01375068724675855,3.0542780012884573e-6,-1.838448111976613,0.06599640113625936,0.02,0.01,0.783548638235218,0.8331749584150723
2005,Lanshan,6223,-0.19036075360091745,Low,0.010919326787454935,3.794315715862144e-6,0.023523446275629724,0.9812327362345573,0.836,0.418,0.9046037250252531,1.1849743207408228
2005,Leiyang,8965,0.8297174852263741,High,0.01202219043373222,3.115023630427845e-6,0.5323932667788714,0.5944536476232769,0.54,0.27,0.8045558692449807,1.0093307258247926
2005,Lengshuijiang,18478,1.7266624896559262,High,0.017856526032117643,2.705922862226236e-6,-1.5254742422009024,0.12714085337434705,0.052,0.026,1.1190228897186874,2.2866464991292954
2005,Li,8394,0.9656556612980725,High,0.01178511840383862,3.3392225761221878e-6,0.8755587711403885,0.3812699470699603,0.372,0.186,0.8813740069150016,0.9754655860728603
2005,Lianyuan,5959,-0.028465398858389456,Low,0.01081226391238703,2.164857616981859e-6,0.34414485467394446,0.7307373515987241,0.636,0.318,0.7120380609470411,0.565033098201631
2005,Liling,11688,2.4632900108631763,High,0.01377548504591281,3.103506259989294e-6,1.8568299082355095,0.06333535716911042,0.128,0.064,1.097692547859247,1.726758388744079
2005,Linli,8850,1.0475391524013904,High,0.012056093785428922,3.2591631153953422e-6,0.8310957113268822,0.40591956230313764,0.34,0.17,1.0068007643088477,1.3949125710683585
2005,Linwu,11651,1.3860471929419136,High,0.013288919942610654,2.934897838866598e-6,0.5698104729823322,0.5688062514749909,0.472,0.236,0.8726702655401745,0.8024134192307084
2005,Linxiang,7708,0.14150161468960254,High,0.011608875713326828,2.9761942845387045e-6,0.10506744715498911,0.916322289705777,0.768,0.388,1.8474146427995675,5.067864677216129
2005,Liuyang,13406,3.9145466892059577,High,0.014193027870832653,2.9425295620669305e-6,3.1276179122688363,0.00176229115518231,0.024,0.012,0.8665642226268758,1.0057153946239108
2005,Longhui,3677,-2.788801456588146,Low,0.009840520300051218,2.494042626918899e-6,-2.197624159478208,0.027975900115851472,0.004,0.002,0.7497715971018907,0.7782055684302582
2005,Longshan,3469,-2.376917419928556,Low,0.008920272942702798,2.7506509579199096e-6,-1.8331845075906323,0.0667751370155727,0.008,0.004,1.0324827536385557,1.2644346442158954
2005,Luxi,3701,-1.6798518292028746,Low,0.00991347908255527,2.558449401369065e-6,-0.973946468802256,0.3300831192846509,0.284,0.142,0.7437579179530502,0.8317234622580014
2005,Mayang,4177,-2.193347161387522,Low,0.00982565894616641,2.793405038327237e-6,-1.60758672883272,0.10792572069227176,0.06,0.03,0.7506601756350573,0.566157409752233
2005,Miluo,8677,3.07317272871514,High,0.011866692291134287,2.676749685828601e-6,3.3106466211505987,9.308067402740334e-4,0.012,0.006,0.634551624017426,0.08527259991329261
2005,Nan,6376,-0.028058248061313424,Low,0.01104040064655517,2.8944260210752017e-6,0.16046168391876783,0.8725174022850428,0.724,0.362,0.9199322740221875,1.1289036760934046
2005,Ningxiang,11687,1.6064973251842707,High,0.012808401213586063,2.623992228367314e-6,0.7718879343825125,0.44018080409100774,0.384,0.192,0.9175711952400536,0.9877303178789649
2005,Ningyuan,4297,-1.0203020572363297,Low,0.010194079578947165,2.2173877935210614e-6,-0.36407750214051215,0.7158001363147479,0.804,0.402,0.6928672855397295,0.6395101530903702
2005,Pingjiang,5817,2.5626852234206803,Low,0.010608534090616921,2.8473464019604226e-6,3.626658421800918,2.8711269570267105e-4,0.012,0.006,0.9003571978003878,1.0479449864159749
2005,Qidong,8000,-0.2940073263321795,High,0.011544313848446357,2.5870890416378625e-6,-0.41898673300587913,0.6752258283207571,0.792,0.396,0.7467919194976261,0.9911231234833369
2005,Qiyang,7487,-0.20793538170293213,Low,0.011346281229213617,2.575122600559553e-6,-0.20656941551026098,0.8363461479484252,0.948,0.474,0.8961272570311176,1.2388478833337455
2005,Rucheng,8534,1.179509747967762,High,0.01205943413774155,3.007875234257552e-6,1.1678416218352567,0.24287065565032806,0.256,0.128,0.9416761872299835,1.3324916383346448
2005,Sangzhi,4545,-1.4066323557891132,Low,0.010194244502139434,2.812138600504485e-6,-0.804661532972201,0.4210150231890271,0.428,0.214,0.8473986385726723,0.7412493214342111
2005,Shaodong,6752,-1.2134543457554658,Low,0.011028984900958983,2.281826846181538e-6,-1.2168909449849723,0.22364571127583055,0.22,0.11,0.5981866983401449,0.6853872333905984
2005,Shaoshan,14381,2.369931335715521,High,0.015440014960617846,3.435212619409528e-6,0.7506179419104543,0.45288262012631647,0.38,0.19,0.9952813385553646,1.0777995819850839
2005,Shaoyang,3609,-2.1298075439490205,Low,0.01017196772959836,2.543840526426007e-6,-1.4930850564139801,0.1354149236947067,0.088,0.044,0.8193899219716485,1.2550369652126045
2005,Shimen,9244,0.21007404608541952,High,0.012069610693689283,3.2461539522078087e-6,-0.1672471969828124,0.8671755495368011,0.996,0.498,0.9078965176053116,1.1450985146351575
2005,Shuangfeng,5868,-0.5476404819449155,Low,0.010829615906401155,2.9858538161152306e-6,-0.2584565320129874,0.7960545919133672,0.884,0.442,0.6718999557808226,0.6950942600620089
2005,Shuangpai,8693,-0.30228019442507337,High,0.0120105284416212,3.1364618115930726e-6,-0.7590453434899463,0.4478254328253735,0.436,0.218,1.1013992663632715,1.4553189499820354
2005,Suining,7369,-1.6947329240690068,Low,0.011469182059546005,2.782412232792685e-6,-1.767745674804773,0.07710343049128093,0.028,0.014,0.7999476644844352,0.6311925025974285
2005,Taojiang,5640,0.7683491930428105,Low,0.010712097592339164,2.3578866456556485e-6,1.2637584149247945,0.20631675132885902,0.228,0.114,0.6445931973693758,0.4414666120731985
2005,Taoyuan,8407,-0.32214283450170833,High,0.011660429348976558,2.0382941478217953e-6,-0.5147722211054225,0.6067121991371924,0.716,0.358,0.6542307902843798,0.2555752939872793
2005,Tongdao,3885,-1.3898890639722472,Low,0.009218021631550518,3.481988500719678e-6,-0.568570320228759,0.5696477713144177,0.648,0.324,1.2163613089088727,1.9880057074082602
2005,Wangcheng,14659,3.8758927571178403,High,0.013912388926089187,2.399872795447198e-6,2.834809996622212,0.004585294763709005,0.024,0.012,0.705775133920892,0.8009375278390212
2005,Wugang,4889,-2.1454034319276407,Low,0.010333247055232406,2.619831546046305e-6,-1.7368474342464255,0.08241410387053799,0.028,0.014,0.6482816893568376,0.21842922148620225
2005,Xiangtan,7246,3.2798779818760653,Low,0.011261520703732144,2.1565649155593337e-6,3.4155847875346916,6.364521202305814e-4,0.02,0.01,0.7416925918602891,1.0861297842631954
2005,Xiangxiang,7866,0.9386830646257078,High,0.011631004618711291,2.7261073719916094e-6,0.9331507899225441,0.3507421185439517,0.332,0.166,0.8063010858169773,0.7389722881129841
2005,Xiangyin,9496,1.355672993213676,High,0.012124713541369665,2.6307500991613935e-6,1.1407279184683012,0.2539831647702093,0.256,0.128,0.8370867757278035,1.120066400642135
2005,Xinhua,3390,-1.2357644498151812,Low,0.009920933256716292,2.5435595500441157e-6,-0.4828646140393679,0.6291918686308402,0.688,0.344,0.901571273948924,1.4486582543204447
2005,Xinhuang,4245,-1.4577100909060539,Low,0.00810774554780964,3.399592387490785e-6,-0.6170808866097807,0.5371813750009273,0.536,0.262,2.0240325937041783,5.906219146994262
2005,Xinning,4024,-1.8327337511504003,Low,0.009664718121409576,2.8413958178244345e-6,-1.2681217542152843,0.20475447392170712,0.136,0.068,0.8118690844108776,0.888535095804639
2005,Xinshao,4357,-0.9981777018427641,Low,0.010358166140145328,2.562419567432683e-6,-0.488457099482764,0.625226105794228,0.676,0.338,0.5557448319714302,0.28166943515097254
2005,Xintian,5272,-0.4982378563796699,Low,0.010319774322827118,3.3789754382163587e-6,4.813504968372876e-4,0.9996159378850699,0.832,0.416,0.9803953225468557,1.0432224764706275
2005,Xupu,4670,-2.2964678748493483,Low,0.01059299599876808,2.1545840879075302e-6,-1.9491753550612987,0.05127448704711131,0.02,0.01,0.6801236294041091,0.7415132631367767
2005,Yanling,7383,0.9217203816470493,Low,0.011342999725042106,2.8171401036511185e-6,1.0700749485712133,0.28458557422342223,0.276,0.138,0.6941055892202745,0.6863705250125776
2005,Yizhang,8428,2.1020152145625386,High,0.011871370703898688,3.4443136707761456e-6,2.0973706350888466,0.035960778457610545,0.072,0.036,1.4120077090000474,3.8453471205663305
2005,Yongshun,3315,-2.457897614465287,Low,0.00961901784701466,2.8924124369805866e-6,-1.7579558375090374,0.07875502387100453,0.024,0.012,1.0375373412936237,1.36010635139412
2005,Yongxing,9494,1.7576099448536937,High,0.012112943142252329,2.501728868765897e-6,1.6666986536313286,0.09557434077181702,0.152,0.076,0.6825916779673014,0.4997170588060649
2005,You,10944,1.4754227949040788,High,0.012863489077009127,3.1540179530933663e-6,0.7557056182279024,0.44982571485699185,0.4,0.2,0.9917828383587627,1.6270504683802995
2005,Yuanjiang,8681,0.09582869118941657,High,0.011912223667413367,3.223593650443603e-6,-0.20273758549796608,0.8393401441958535,0.972,0.486,0.8152525200072948,0.6183326043444004
2005,Yuanling,7488,-2.171670272390893,Low,0.011233988197900073,2.0674740958254428e-6,-2.2983481401144723,0.021541982597601515,0.008,0.004,0.6550972928046491,0.4699917488570575
2005,Yueyang,7936,0.23466300956075636,High,0.011358227874032768,2.0498653201029273e-06,0.27874488637433426,0.7804406128273813,0.708,0.354,0.5511274810088402,0.18383866972709573
2005,Zhijiang,5315,-1.807698878832972,Low,0.01044953432944377,2.913408399366744e-6,-1.504436429900223,0.13246903008339833,0.056,0.028,0.9728329278816739,1.3979504183040001
2005,Zhongfang,7420,-1.524276036745838,Low,0.011382566547833898,3.283747527731074e-6,-1.6306852976548087,0.10295674042813861,0.032,0.016,0.9499121787383726,1.5405849995673142
2005,Zhuzhou,8546,3.4929202599411178,High,0.011700432747630269,2.739421952379819e-6,3.575417676833969,3.4966919598406854e-4,0.008,0.004,0.7937224295510976,0.47559599338635516
2005,Zixing,16471,2.020706019093556,High,0.01430343096330669,2.0329183433396668e-6,0.3157692041131424,0.7521776945803225,0.668,0.334,0.8115762123351572,1.0830335825691746
2006,Anhua,5048,-1.2062411898050265,Low,0.010244815697654801,2.0801737511508496e-6,-0.6517366077994738,0.5145711024137278,0.564,0.282,0.6795745411262837,0.3820693392194867
2006,Anren,8832,1.4668353618553243,High,0.011332065818741846,2.453541292251313e-6,1.5268362610368225,0.1268017323185822,0.152,0.076,0.6820034861222555,0.3719253442042265
2006,Anxiang,10995,0.6114528336164181,High,0.012239187365160347,3.0597748873840536e-6,0.18447896817753567,0.8536377249581599,0.728,0.364,0.8580340095733517,1.1055047415191677
2006,Baojing,5555,-1.235547040797621,Low,0.01025619269161042,3.0834286814962022e-6,-0.74820225664875,0.4543381700613341,0.468,0.234,0.9927705339653146,1.4580202864257776
2006,Chaling,9053,0.42168592149231604,High,0.011703052980173635,3.6618088335321717e-6,0.33985907314054786,0.7339626588695798,0.624,0.312,0.9930911266739068,1.4842261905171759
2006,Changning,9000,0.417662381389491,High,0.011416473425429619,3.0640965224697263e-6,0.4373964095184762,0.6618238875782494,0.552,0.276,0.8719178529625792,0.9212835142192186
2006,Changsha,29407,5.1692011079782345,High,0.017983036009760752,1.940926008592275e-6,2.008084285041468,0.04463433591370259,0.06,0.03,0.6740862672765622,0.6381895178784207
2006,Chengbu,6325,-1.7049102318155194,Low,0.010484299667368932,3.744041446233482e-6,-1.4220655109837639,0.15500723385544166,0.056,0.028,1.0088201778053456,1.1842386947682577
2006,Chenxi,5311,-1.7943824126021575,Low,0.010044015478276234,2.6080598292981183e-6,-1.3602757487924746,0.1737426796656236,0.096,0.048,0.9936095979031969,2.058493940340263
2006,Cili,6463,-0.610753646653594,Low,0.01020875857467447,3.3875913625432067e-6,-0.15140172885841227,0.8796588257526433,0.988,0.494,1.0372519425324815,1.59908423849894
2006,Dao,6925,-1.100091087716944,Low,0.010652494723685606,3.516602821097922e-6,-0.8701373518701362,0.3842253474250458,0.348,0.174,1.0449754086092864,1.3448854440200835
2006,Dongan,8436,-0.9744316165970537,Low,0.011273414577861436,3.372229790312244e-6,-1.0809604079497304,0.2797147255877433,0.216,0.108,1.080140542269586,1.689471350482128
2006,Dongkou,6050,-1.841356153230274,Low,0.010349335001537771,2.624753423715022e-6,-1.6012183030313485,0.10932857633351963,0.052,0.026,0.8506843828591666,1.124954505412001
2006,Fenghuang,4284,-0.9514638009983731,Low,0.009465134196621958,2.9909109605783244e-6,-0.073920937653739055,0.9410732955875927,0.936,0.468,0.6902887748347469,0.29743529038867855
2006,Guidong,5548,0.35888816543650337,Low,0.00970431325567841,3.1748269950884047e-6,1.404021905923183,0.16031232651482533,0.156,0.078,1.1145801734615957,1.7144598307260273
2006,Guiyang,10439,1.6117864753022482,High,0.01171267698585867,2.2194800831766046e-6,1.4147103591008319,0.15715343584836416,0.184,0.092,0.8146735321495053,0.9922635308875711
2006,Guzhang,4297,-1.477357207634262,Low,0.009782848956769027,2.799526009523867e-6,-0.7855376237313706,0.43213842007485753,0.388,0.194,1.1033731282264616,2.3185406080885524
2006,Hanshou,7422,-0.2223786068045422,Low,0.01102516541218227,3.2242595832969297e-6,-0.05419716672463745,0.9567780779950131,0.952,0.476,0.7471035934894525,0.7628750990503286
2006,Hengdong,9249,0.6106272435886525,High,0.011467472726599214,2.679790589863825e-6,0.6161095047433561,0.5378222493840787,0.44,0.22,0.8939058706394907,1.6034622565241765
2006,Hengnan,9173,0.29870912822572343,High,0.011461446979828843,2.3897911368766965e-6,0.26652844750707905,0.7898322535424538,0.712,0.356,0.6473349250184433,0.4022127787707195
2006,Hengshan,8964,-0.13698909448865404,High,0.011527594203137178,2.904075952705352e-6,-0.2537423466384981,0.7996946165454475,0.896,0.448,0.8221539005488155,1.1014771302331727
2006,Hengyang,8068,-0.3043449315442922,Low,0.011176324727577975,2.9447503467466835e-6,-0.2384017013555521,0.8115695479735878,0.956,0.478,1.135428995114413,2.1858523777694225
2006,Hongjiang,6313,-1.499904833771227,Low,0.01063370690619407,2.736955167460591e-6,-1.2104428602045458,0.22610900396126457,0.148,0.074,0.8308970207914552,1.093024705774595
2006,Huarong,10802,0.37634846296582547,High,0.012677032364424011,3.799035778414615e-6,-0.164099024062259,0.869653190084585,0.948,0.474,1.4536189413405893,2.7999418450841835
2006,Huayuan,10496,0.20928501561150784,High,0.012327635421866576,3.819943959864595e-6,-0.24189339902274307,0.8088627650916629,0.912,0.456,1.45858559537969,4.250092350608777
2006,Huitong,5580,-1.2881209380848047,Low,0.010133770332287054,3.01932192649007e-6,-0.8709957222032806,0.3837564888288699,0.384,0.192,0.8341768705672589,0.9703710631967168
2006,Jiahe,11021,0.23062321577105957,High,0.012235511309227554,2.80276242505403e-6,-0.25083225803139575,0.8019438003691596,0.94,0.47,0.80528706989841,0.6222445260905123
2006,Jianghua,6241,-1.36743646128558,Low,0.010332243121471954,2.817162208104357e-6,-1.1205945527390477,0.262460484748672,0.212,0.106,0.9965698359848364,1.7421577172999054
2006,Jiangyong,6482,-1.0767836590001807,Low,0.009842411686995591,3.256670230707527e-6,-0.7322586426044256,0.46401071714817516,0.428,0.214,1.3450283534462162,3.062859105939757
2006,Jingzhou,7162,-1.2006079676946466,Low,0.010607371722152668,3.3297700090819287e-06,-1.1298759851658748,0.25852848440908704,0.192,0.096,1.0470208200112046,1.4247282037877982
2006,Jinshi,11223,1.1014505968018746,High,0.012490981387972593,2.748257231215681e-6,0.7349716812281968,0.46235674100471336,0.412,0.206,0.6725278993435853,0.5097704474973539
2006,Jishou,14611,-0.2529971179022216,High,0.013596717776773562,3.257474910828425e-6,-1.5119681858669176,0.1305419561222527,0.076,0.038,0.8406689684317015,0.9458503038147099
2006,Lanshan,8135,-0.18954479820482528,Low,0.011311129191459199,3.8941608888733125e-6,-0.17795433041918773,0.8587588422204323,0.984,0.492,0.9770200360184688,1.4433984910455369
2006,Leiyang,10507,0.8038169576866194,High,0.012059456088008262,3.194945837766391e-6,0.49198595022730324,0.6227292757842374,0.528,0.264,0.8944888705457854,1.436718148793073
2006,Lengshuijiang,22520,1.918940030922129,High,0.018405764321286832,2.6849226710292176e-6,-1.5489457623908793,0.12139475881283485,0.06,0.03,1.1421073133670145,2.605049884406662
2006,Li,10304,1.119416532559065,High,0.01200518882888013,3.404455039143156e-6,0.9443746016904804,0.3449782556178899,0.336,0.168,0.900567354690378,1.0119232207821707
2006,Lianyuan,7044,0.05415076009034987,Low,0.010847709226777944,2.2334263997152205e-6,0.4035234812119291,0.6865631642617984,0.612,0.306,0.7652663482391471,0.79185892895454435
2006,Liling,14000,2.505682250778117,High,0.014006949486648853,3.204624256534701e-6,1.8087535388588565,0.07048930126764254,0.12,0.06,1.121569505800801,1.8900409537670724
2006,Linli,9855,0.9169935177493638,High,0.011882211924345448,3.3287658553971633e-6,0.786167715438429,0.43176923731432104,0.376,0.188,1.0501423086152375,1.611484816228673
2006,Linwu,12031,1.1369741515944995,High,0.012617794363674443,3.043484862360369e-6,0.6690909008349599,0.5034374939735254,0.424,0.212,0.8939942609504714,0.9120878602648039
2006,Linxiang,8973,0.154209335864291,High,0.011631548962153319,3.048204038126344e-6,0.11739726588057015,0.9065452506028869,0.736,0.372,1.8864350757740669,5.685700907437592
2006,Liuyang,15631,3.9896789281310094,High,0.014235107672261445,3.023339715905191e-6,3.2352607501262947,0.001215316889209534,0.024,0.012,0.894485175138526,1.1315533897315477
2006,Longhui,3976,-2.8783156103888214,Low,0.009750352840780348,2.619966260532247e-6,-2.242818200783993,0.02490854029680388,0.004,0.002,0.766757299286949,0.8194400184191908
2006,Longshan,3809,-2.400656413950582,Low,0.008817086849600114,2.8232669091517204e-6,-1.837922794735161,0.06607378266797281,0.008,0.004,1.032763398787095,1.3117187728675272
2006,Luxi,4468,-1.6912587874371194,Low,0.009978054379261327,2.6421909303849343e-6,-1.0430586956398569,0.29692110902022084,0.244,0.122,0.7242434862101672,0.7629140232362879
2006,Mayang,4807,-2.1225329771925017,Low,0.00978822636487876,2.9173009560499526e-6,-1.5129022116026405,0.13030450006811947,0.064,0.032,0.8339899996563416,0.7649525020958232
2006,Miluo,10659,3.1794140469826417,High,0.012073697630583323,2.739703398058604e-6,3.3352605700149103,8.52195050577115e-4,0.012,0.006,0.6523365112121844,0.14836352568087596
2006,Nan,7013,0.19534083338765038,Low,0.010931721276553202,2.9772731047097527e-6,0.45655632431013327,0.6479899779653624,0.532,0.266,0.9405022720002287,1.2093940481397247
2006,Ningxiang,13647,1.5992688004572313,High,0.012807857276603779,2.703258892171095e-6,0.781800854856444,0.43433161858530944,0.396,0.198,0.9743641832861827,1.091772454526085
2006,Ningyuan,4851,-1.0278345646183993,Low,0.010145371779091203,2.2902131860897964e-6,-0.35420838535122584,0.7231827198550068,0.812,0.406,0.717775916350676,0.6791318279536545
2006,Pingjiang,6570,2.638048499943793,Low,0.01054113190037459,2.9181214747673575e-6,3.7703974871552086,1.629877434445123e-4,0.012,0.006,0.9527298884924608,1.3138131146170302
2006,Qidong,8958,-0.46246982854387847,High,0.011455802153545752,2.674351117187677e-6,-0.539034803418256,0.5898628401371218,0.668,0.334,0.8353799372337521,1.2873522686786494
2006,Qiyang,8298,-0.3520801984902761,Low,0.011245086176179163,2.6826648556421283e-6,-0.2945134485072081,0.7683655884559413,0.824,0.412,0.9046570064685576,1.2118159403559972
2006,Rucheng,9461,0.9819752812752338,High,0.011826984088350603,3.1463959215702666e-6,1.038166951475483,0.29919233581884636,0.284,0.142,1.007110780435445,1.6371948944868011
2006,Sangzhi,5121,-1.5166415921133787,Low,0.010146982014075174,2.8730468334303434e-6,-0.9122627322029205,0.36163042767368025,0.336,0.168,0.907830868883377,0.9603749280607805
2006,Shaodong,8005,-1.2559240677781376,Low,0.011075817375732553,2.393951935517062e-6,-1.2927300504434938,0.196104440648773,0.184,0.092,0.6010660378430093,0.6692673781438145
2006,Shaoshan,16565,2.332738342065118,High,0.015373768698595618,3.531843642352656e-6,0.7796366761937297,0.43560476151948474,0.36,0.18,1.038656793947511,1.274498726377506
2006,Shaoyang,4064,-2.19635125628579,Low,0.010121803503879399,2.6383058740095195e-6,-1.5433800532178266,0.12273859047733202,0.072,0.036,0.8142535053177612,1.2786170757303248
2006,Shimen,10556,0.12678652596153905,High,0.012024670979298428,3.408504808017089e-6,-0.22347084124434377,0.8231690746413824,0.964,0.482,0.9452931487996278,1.2564205198066176
2006,Shuangfeng,6546,-0.6042645090122978,Low,0.010737659860293137,3.1209552170352373e-6,-0.26878625297045705,0.7880941727194406,0.888,0.444,0.6853749184931002,0.7705135065525446
2006,Shuangpai,10070,-0.37178873422882186,High,0.012000980434439883,3.2254624454794112e-6,-0.8407734374518581,0.4004748705989061,0.356,0.178,1.1372825205665518,1.6233530519223045
2006,Suining,8500,-1.7059665535476765,Low,0.011458144313522435,2.955947260905353e-6,-1.7485419104106106,0.08037023503085228,0.028,0.014,0.8490568687374727,0.9014142305653574
2006,Taojiang,6437,0.6612116903017431,Low,0.01067576325818611,2.472278216438106e-6,1.1552319737654153,0.2479954445560192,0.268,0.134,0.6582443493203358,0.45645904267734494
2006,Taoyuan,9461,-0.40944528711273587,High,0.011601541579052322,2.1156040117971194e-6,-0.5530811709261491,0.5802078293116157,0.66,0.33,0.648649920415828,0.16710606699592656
2006,Tongdao,4353,-1.4300142836224277,Low,0.009127976172683756,3.49791960044446e-6,-0.5992803686174811,0.5489859367770599,0.612,0.306,1.2317958248020193,2.1474394040326352
2006,Wangcheng,17082,3.9347085528268493,High,0.013930281389269234,2.491950242860245e-6,2.9148901318219225,0.0035581377957542917,0.024,0.012,0.7641090339399708,0.9871950175015853
2006,Wugang,5533,-2.2536854688386496,Low,0.010290489305738063,2.6851991939986786e-6,-1.8506060900486416,0.06422624294634974,0.016,0.008,0.640309714682825,0.16816464424184785
2006,Xiangtan,8578,3.2749110392818643,Low,0.011291838413173157,2.213270782038543e-6,3.4034778559674526,6.653380623234446e-4,0.02,0.01,0.7080622530561116,1.0552485473009217
2006,Xiangxiang,9192,0.9300945438286006,High,0.011641203525819961,2.84387629200411e-6,0.9162295371175105,0.35954651648827085,0.328,0.164,0.8720479266200861,0.8929448784695171
2006,Xiangyin,10765,1.321383901489935,High,0.012038419219365645,2.700381359565125e-6,1.1651627696105675,0.24395311269371175,0.252,0.126,0.8715878657296156,1.2218665590892233
2006,Xinhua,3768,-1.19953819742757,Low,0.009866254797137696,2.6169729301861465e-06,-0.4252194585021742,0.6706767005225794,0.74,0.37,0.9453085756483999,1.580927752718389
2006,Xinhuang,5334,-1.2690919020776255,Low,0.00844652333332482,3.5101001173178084e-6,-0.5201499734249934,0.6029590499386901,0.696,0.342,2.1259836897523168,6.695631736917248
2006,Xinning,4533,-1.9238700738562708,Low,0.009586599763180614,2.9027033363559304e-6,-1.3618634521272701,0.17324098218202694,0.1,0.05,0.8650195227468326,1.1327598384842377
2006,Xinshao,4972,-0.9284385128373045,Low,0.01035368972184997,2.6227381556675364e-6,-0.4207742971719719,0.673919902009188,0.74,0.37,0.5493438491098407,0.2502459672784787
2006,Xintian,5910,-0.5963303322525596,Low,0.01023515370685813,3.4292677799505904e-6,-0.07642641313454285,0.9390798564124959,0.876,0.438,1.0081331374396871,1.1308277420039774
2006,Xupu,5196,-2.3706402731485965,Low,0.01053950162458725,2.2235955825417513e-6,-2.005170541245224,0.0449448182437247,0.016,0.008,0.7131509433638401,0.8531209820798202
2006,Yanling,8059,0.7339268780071341,Low,0.011155070148593137,2.9361846522607834e-6,0.9610689738143565,0.336517488572365,0.324,0.162,0.7395225155014441,0.765520931800737
2006,Yizhang,9752,1.769660911952808,High,0.011849721861052816,3.6499316101855613e-6,1.7183020733480978,0.08574153140071471,0.108,0.054,1.4902137558715132,4.296968219149833
2006,Yongshun,3666,-2.5024117096000436,Low,0.009558230138852066,3.0644254718518094e-6,-1.7700116165917505,0.07672520557976115,0.016,0.008,1.0585706395288372,1.432910403424704
2006,Yongxing,10978,1.6148271475999911,High,0.012100396088417027,2.648631887768999e-6,1.491751112535169,0.13576440428505623,0.18,0.09,0.7013158843871452,0.585913365338087
2006,You,12356,1.4243647944054214,High,0.012733012676570803,3.2985118321049618e-6,0.7829111815421933,0.4336792708733567,0.38,0.19,1.0489661199377742,1.8331945279552784
2006,Yuanjiang,9894,-0.026686383701983382,High,0.01184779010187562,3.348677066259236e-6,-0.2931519614544534,0.7694060009579615,0.892,0.446,0.8650975683255505,0.7094285215043481
2006,Yuanling,8552,-2.2251155179022186,Low,0.011189927553567559,2.176541143572319e-6,-2.3088985426266677,0.020949211887771737,0.008,0.004,0.7555027321516306,0.8809468591777216
2006,Yueyang,9277,0.4096082488795725,High,0.011372242169109741,2.087143686719502e-6,0.47796384172888,0.6326759407869875,0.584,0.292,0.5626350599213744,0.30118694927287804
2006,Zhijiang,6517,-1.6590714148009227,Low,0.010569675419127426,2.9644002127595466e-6,-1.427199266013057,0.15352246601632402,0.068,0.034,0.9799241067941176,1.4380282662048582
2006,Zhongfang,8467,-1.512349791745895,Low,0.01131865575789575,3.4331375152091392e-6,-1.575243234364772,0.1152003112062849,0.04,0.02,1.0060088675581733,1.7682518280582338
2006,Zhuzhou,10116,3.558444744963699,High,0.01175278133653796,2.826164068706872e-6,3.624643643461941,2.8936015967977917e-4,0.004,0.002,0.8102939116796526,0.5283112635529776
2006,Zixing,18172,1.7837893128468276,High,0.014025186791985155,2.1577855509274644e-6,0.2607419242006656,0.7942915331926297,0.7,0.35,0.8353630557932985,1.1573588177285652
2007,Anhua,6130,-1.062311483675915,Low,0.010252581607682896,2.163284948688938e-6,-0.5094641059972067,0.610426951720471,0.692,0.346,0.7209040499058904,0.6472498529575099
2007,Anren,7243,1.0950562484657214,Low,0.01062649237027223,2.5557324021613792e-6,1.5918936870331197,0.11140859427900603,0.152,0.076,0.6967243626681866,0.4358088556239572
2007,Anxiang,12670,0.4215263159895556,High,0.012065883482736468,3.2668879009097237e-6,0.08040215451940523,0.9359174133957336,0.792,0.396,0.88914476804977,1.0919821452484717
2007,Baojing,7282,-0.9721898630977568,Low,0.010421496157068345,3.2436584966998167e-6,-0.56227086343738375,0.5739314866656682,0.632,0.316,1.0360763995993152,1.6022950938145133
2007,Chaling,9756,0.054135661427016514,Low,0.011210318693475147,3.901498340684819e-6,0.14362588712908167,0.8857958976227887,0.716,0.358,1.0474638056096406,1.543584110012521
2007,Changning,10455,0.3236555803332137,Low,0.01130064151669608,3.1906959673082972e-6,0.3995935391370963,0.6894559159072728,0.584,0.292,0.9240545309584005,0.9866781641408182
2007,Changsha,36272,5.295889289291289,High,0.018208282976663673,2.0259479185608615e-6,2.1459603345391383,0.031876143445537984,0.06,0.03,0.7269419015756041,0.838124457480828
2007,Chengbu,6839,-1.8151649887766368,Low,0.01022110569230403,3.885111713223762e-6,-1.4326980869713868,0.1519441364473336,0.056,0.028,1.0375319465174462,1.2416419129574052
2007,Chenxi,6556,-1.557569109984937,Low,0.010092106538226727,2.693176284846377e-6,-1.1335767166890993,0.2569721441925908,0.196,0.098,0.9849106429628983,1.8297069684418146
2007,Cili,7841,-0.6739528344152114,Low,0.01022079826170397,3.544170341634784e-6,-0.25509776434721565,0.7986475908512319,0.952,0.476,1.0675668726137542,1.538967509935766
2007,Dao,8557,-1.1813856242005596,Low,0.010742088516748424,3.7174946800981666e-6,-1.0165560652492929,0.30936466360918863,0.252,0.126,1.0780957389598185,1.3797106404203525
2007,Dongan,10408,-0.8880594278594501,Low,0.011357945812254964,3.573769577125997e-6,-1.0235102386633277,0.30606666143318256,0.272,0.136,1.1088567387192525,1.7559686999738444
2007,Dongkou,7013,-1.8359586887843162,Low,0.010291483404168396,2.7693496356448433e-6,-1.5740543548626702,0.11547488385079273,0.052,0.026,0.8949377091092737,1.27121732975235
2007,Fenghuang,5524,-0.6352574753009772,Low,0.009587502646700613,3.1684486052943664e-6,0.2179627226205117,0.8274581561658781,0.696,0.348,0.7554473343796533,0.46220444026170293
2007,Guidong,5876,0.17743082512678604,Low,0.009328830409695073,3.380069266034514e-6,1.3391995176727074,0.18050572942421406,0.172,0.086,1.206767887565003,1.8830753816234944
2007,Guiyang,12879,1.4810296237196647,High,0.011776301273611343,2.3511843589116106e-6,1.2413965564617937,0.21445929061247035,0.22,0.11,0.823751533539945,0.9757155724105488
2007,Guzhang,5085,-1.315006524756535,Low,0.009745095758660097,2.9504174864667557e-6,-0.5970652496717798,0.5504638177154779,0.576,0.288,1.1705716475333874,2.4101147548998876
2007,Hanshou,8512,-0.29901141737354586,Low,0.010895363804086513,3.414783468523327e-6,-0.07194865765994819,0.9426427671442207,0.952,0.476,0.745516335259519,0.6229694919273117
2007,Hengdong,11563,0.36113210205938917,High,0.011564511815401532,2.8397510309775395e-6,0.28137180430974634,0.7784252417916309,0.656,0.328,0.9537234608294914,1.835940683291712
2007,Hengnan,10505,-0.06789184092786896,High,0.011347493075472101,2.527326997601777e-6,-0.06463425744351697,0.9484652082304975,0.932,0.466,0.639510919150787,0.25012167198947166
2007,Hengshan,10328,-0.13786682826459756,Low,0.011386695235781025,3.0902962110597825e-6,-0.1708095009951956,0.8643735581545365,0.956,0.478,0.8561672428617156,1.2085712235779047
2007,Hengyang,9495,-0.3682051817810135,Low,0.011080858739435918,3.153026762034185e-6,-0.25769273616116223,0.7966440525302564,0.916,0.458,1.1155857683755828,1.9136141808767864
2007,Hongjiang,7906,-1.3410273359777816,Low,0.010694719952524677,2.9588321548008446e-6,-1.0683766449156331,0.28535064775166763,0.228,0.114,0.8592117697050908,1.124743108223294
2007,Huarong,13648,0.5789342025803793,High,0.012993262819957946,4.069957395095574e-6,-0.030457184542239394,0.97570243931152,0.82,0.41,1.5083537264312354,2.797715037656266
2007,Huayuan,14473,0.613726757898203,High,0.01311268377753824,3.978933006767179e-6,-0.1358611921439355,0.8919310151264285,0.976,0.488,1.5208045422084222,4.529283766036038
2007,Huitong,6993,-1.111891910829931,Low,0.010222663808124467,3.206764108032094e-6,-0.7196564352205648,0.4717365554204925,0.516,0.258,0.9088288573325009,1.117310685852269
2007,Jiahe,13019,0.21302243924171768,High,0.012172801300494203,2.937885960656714e-6,-0.2221885621626143,0.8241670976697004,0.976,0.488,0.8861034266111542,0.7947816253824209
2007,Jianghua,6931,-1.3845845818234674,Low,0.010124909479289821,2.9976205815452837e-6,-1.0320482138485811,0.3020495317782014,0.248,0.124,1.0859732024504534,1.9884922865436359
2007,Jiangyong,7789,-1.092533568548118,Low,0.00984339561132749,3.4536029565744044e-6,-0.7744067897798849,0.4386902696957078,0.436,0.218,1.3535691606251425,2.939564043352358
2007,Jingzhou,9246,-1.0251463473442946,Low,0.01084992010693363,3.4701295232588775e-6,-1.049559559903579,0.29392065820084806,0.236,0.118,1.0870148379630018,1.481117328318435
2007,Jinshi,14258,0.9879406967419592,High,0.012726685322766983,2.9058795267693906e-6,0.4668294169167728,0.6406219275403064,0.564,0.282,0.7051222131240499,0.47174642345942175
2007,Jishou,17584,0.020510010268051212,High,0.013597852264032343,3.4384298592593297e-6,-1.1826433859915866,0.23695051013403115,0.176,0.088,0.9140079354470669,1.08133314828524
2007,Lanshan,10033,-0.23876365222199936,Low,0.011383189746255991,4.151081246102206e-6,-0.26567758091467386,0.7904875308804729,0.968,0.484,1.059588894196436,1.5783925995373052
2007,Leiyang,12086,0.4433607927581345,High,0.011892096024267496,3.370609970503018e-6,0.19772819803127328,0.8432577264190059,0.732,0.366,0.9391712902931794,1.5722857019219738
2007,Lengshuijiang,27434,1.956943093044314,High,0.018542587948275777,2.8853261120368696e-6,-1.451783131064995,0.14656191580441058,0.068,0.034,1.213708879510247,2.851795700859225
2007,Li,11048,0.7551119967199373,High,0.011528042110506313,3.5409209542795876e-6,0.7895145767281957,0.42981131354032215,0.392,0.196,0.9187252579571772,0.9073726392843335
2007,Lianyuan,8648,0.18306753776101672,Low,0.010886541141704521,2.3435188063661197e-6,0.5090684854557916,0.6107042207014959,0.544,0.272,0.83948992960668,0.976663934442759
2007,Liling,15769,2.232380175216176,High,0.013539652618544076,3.4146272465448453e-6,1.7318509637984627,0.08330010142968967,0.128,0.064,1.1624796806613038,1.9174920591413152
2007,Linli,11373,0.6747237819657893,High,0.011709296050486427,3.4783363231322747e-6,0.6052121448826384,0.5450380472344929,0.448,0.224,1.0805076708070767,1.5292287332604673
2007,Linwu,14108,0.8728881594038873,High,0.012463818425453202,3.187061460083679e-6,0.45217750359977976,0.6511411132982758,0.54,0.27,0.9641028291094195,1.0551413017673719
2007,Linxiang,11710,0.45387511956466775,High,0.012265982894749354,3.2410898636133285e-6,0.2920071507405545,0.7702811566340384,0.532,0.27,1.9815754846526537,5.842960737706681
2007,Liuyang,19151,3.854432572128303,High,0.014340100339854155,3.1224415119810614e-6,3.0820958244611623,0.0020554865686370286,0.028,0.014,0.9273438206862769,1.1880937184371154
2007,Longhui,4477,-2.8682092414423015,Low,0.009667592546723372,2.784898756392054e-6,-2.1963273724536974,0.028068519886238562,0.004,0.002,0.84318279751447,0.9039661608928133
2007,Longshan,4702,-2.261962191367571,Low,0.008844939271476308,3.040847587242648e-6,-1.6795472350161218,0.09304544124651713,0.016,0.008,1.0670145801082438,1.3889836546900423
2007,Luxi,6244,-1.4576066597885917,Low,0.010209459580723416,2.811408256840185e-6,-0.9365830390249988,0.3489730798772184,0.28,0.14,0.7907987172891856,0.9714698768288819
2007,Mayang,5962,-1.8825491568186785,Low,0.009829230295419242,3.105605260839071e-6,-1.2772529918175886,0.20151294384425605,0.148,0.074,0.8817928168411767,0.8491034544307516
2007,Miluo,13949,3.477046070262893,High,0.012381441048040615,2.869517307646311e-6,3.5263728755430477,4.212933644332967e-4,0.008,0.004,0.7104677179775801,0.2620331316506541
2007,Nan,8463,0.2347835611694607,Low,0.010926438448405148,3.1465091610421564e-6,0.4938760047270661,0.6213937517832987,0.54,0.27,0.9365319497570607,1.2106546915936072
2007,Ningxiang,16675,1.8110971664408477,High,0.012871647681585004,2.8700194598953448e-6,0.9820387711800616,0.3260807478972568,0.312,0.156,0.9445377161198789,0.9737144630641748
2007,Ningyuan,5991,-1.0912158381081816,Low,0.010174494861742437,2.3876270680913323e-6,-0.46716283785268575,0.6403833792617246,0.716,0.358,0.7544219503476421,0.6582608415564213
2007,Pingjiang,8065,2.8504877628167513,Low,0.010563190725465462,3.016153884187756e-6,4.047484428925291,5.177102480327563e-5,0.008,0.004,0.9955245215781447,1.4059679668086984
2007,Qidong,11343,-0.4851169285403999,High,0.011590538421592111,2.8457713412910287e-6,-0.6381172128323641,0.5233973825550555,0.564,0.282,0.892897038133539,1.3805604410239427
2007,Qiyang,9996,-0.3668905667058141,Low,0.011247257302923426,2.7673551187069917e-6,-0.3162782333971218,0.7517913310597207,0.86,0.43,0.901886141653226,1.1595517348844275
2007,Rucheng,8786,0.2988388179536013,Low,0.010727408181524999,3.3148161933501852e-6,0.7447412566271597,0.45642815311055623,0.38,0.19,1.0681802925664654,1.7329073399098398
2007,Sangzhi,6194,-1.5068869326099217,Low,0.01015450807774516,3.044475338370663e-6,-0.9213187912092922,0.3568840131821735,0.324,0.162,0.928301425258204,0.9411912220772387
2007,Shaodong,9197,-1.2380525515067802,Low,0.0109598953804054,2.5264755607306012e-6,-1.2019184252818271,0.22939513497587635,0.208,0.104,0.6385274594552814,0.7942233816944921
2007,Shaoshan,20622,2.561376964068112,High,0.01563070910659864,3.6266173001045525e-6,0.9984968823656267,0.31803847548837255,0.292,0.146,1.0921667685441976,1.2492402341010314
2007,Shaoyang,4704,-2.1966529181887036,Low,0.010068919352907255,2.772809792340464e-6,-1.5326829423575832,0.12535399402470646,0.06,0.03,0.8967870244276801,1.4352374744828502
2007,Shimen,11760,-0.1662362716716599,High,0.011743792952640317,3.5823107190917396e-6,-0.3774560140837807,0.7058347466730228,0.864,0.432,0.9842323540964912,1.3138294067408838
2007,Shuangfeng,8357,-0.4731590364973039,Low,0.010852532580321076,3.2883192886621274e-6,-0.2058753517163468,0.836888279491143,0.968,0.484,0.7518035099648801,0.7755682963214983
2007,Shuangpai,10869,-0.5593746028429032,High,0.011453841895513364,3.4054824832363357e-6,-0.7788850118210278,0.43604745376269416,0.388,0.194,1.2161498949569116,1.925875072237334
2007,Suining,10283,-1.6672432340385943,Low,0.01147566361298519,3.1014931081460393e-6,-1.7215311424144066,0.08515448604199316,0.032,0.016,0.8687579625062752,0.9025085591026829
2007,Taojiang,8007,0.7368301027789687,Low,0.010745315586288842,2.671562807096707e-6,1.1677633975498865,0.24290221618541963,0.284,0.142,0.7077249339936222,0.43721705562938684
2007,Taoyuan,11371,-0.46306109923665134,High,0.011598136582023043,2.224288944942578e-6,-0.5980522919379373,0.549805041931176,0.62,0.31,0.661609231919688,0.24220440913275798
2007,Tongdao,5331,-1.390808170299371,Low,0.009174416686326178,3.687259699182053e-6,-0.6042375037532299,0.5456857500003903,0.564,0.282,1.2654086676239997,2.252948449940873
2007,Wangcheng,21044,4.163383753823145,High,0.014054421014960593,2.6392612470108433e-6,3.1340055628062906,0.001724375869565725,0.016,0.008,0.7919437337104628,0.971432691113796
2007,Wugang,6334,-2.361801973889197,Low,0.01019650022074717,2.7963991955216026e-6,-1.9420386359623572,0.05213242322137882,0.008,0.004,0.680374220866289,0.18800858632124395
2007,Xiangtan,11140,3.451982551155298,High,0.011442833536663883,2.3059912360084945e-6,3.502901758790644,4.602191674967423e-4,0.02,0.01,0.7483040667080277,1.15939267252468
2007,Xiangxiang,11950,1.2172546066754382,High,0.011879825649197236,3.0146508906465242e-6,1.1123616037542363,0.26598270648590394,0.264,0.132,0.9127395983230318,0.9657139135566588
2007,Xiangyin,13413,1.571834208283485,High,0.012150985510440483,2.8259661115592896e-6,1.4117067295384087,0.15803633105769616,0.196,0.098,0.9405736483354005,1.3427533363116266
2007,Xinhua,4806,-1.0960008987193057,Low,0.009896494073291738,2.8497957650067695e-6,-0.34446966552910674,0.7304931051069413,0.816,0.408,0.9850065707844143,1.61199708772455
2007,Xinhuang,6812,-1.1194794206702496,Low,0.008716257482103975,3.706181149626706e-6,-0.45445410827084615,0.6495020154146983,0.724,0.356,2.219195062700367,6.932529093954756
2007,Xinning,5389,-1.976271554690493,Low,0.009558761536017018,3.0097836826724767e-6,-1.448896020001428,0.14736662280567817,0.064,0.032,0.9160487576864532,1.2493588700189848
2007,Xinshao,5961,-0.9278980003875171,Low,0.010343275110531673,2.7740748381663706e-6,-0.42872948560476265,0.6681201001750476,0.732,0.366,0.6031500550332782,0.21041961620367466
2007,Xintian,7231,-0.5497521462606302,Low,0.010283386953769517,3.6242938189433906e-6,-0.06359131075298181,0.9492956507541251,0.876,0.438,1.0243462287530565,1.0338440516173089
2007,Xupu,6603,-2.2018160431754654,Low,0.010613552310547624,2.400318044046427e-6,-1.861981647131342,0.06260567720830487,0.028,0.014,0.7018108419571867,0.7882867810700231
2007,Yanling,10996,0.640178611517154,High,0.011531926686300811,3.0870653264680275e-6,0.6368383310476218,0.5242301554929678,0.44,0.22,0.7996951011541359,0.8126122640026647
2007,Yizhang,9437,1.2038499059789718,Low,0.0110499521074737,3.8018969106195453e-6,1.5100288713325867,0.13103605735881932,0.14,0.07,1.533463216222519,4.577109672212291
2007,Yongshun,4456,-2.3576027904561734,Low,0.009562962722681083,3.1850116722448806e-6,-1.6472599738497717,0.09950462124510578,0.02,0.01,1.0641879048944913,1.3447217936990103
2007,Yongxing,14022,1.5903627607525963,High,0.01232968229615997,2.801575486288214e-6,1.333335142747955,0.1824218459279973,0.216,0.108,0.7388054320217076,0.6739365293795943
2007,You,15358,0.9870700170799273,High,0.01287313029338909,3.5107175530350127e-6,0.25363034156649267,0.7997811537491698,0.684,0.342,1.1024803468441178,1.9002795420672705
2007,Yuanjiang,12085,0.08447580136473352,High,0.011930223779806709,3.5126186797402824e-6,-0.21168010424372075,0.8323566108821185,0.952,0.476,0.8716324646879856,0.7172293435869137
2007,Yuanling,10669,-2.0344028923711943,High,0.011258362658077843,2.2875394451299657e-6,-2.1509301550434268,0.0314817129716632,0.008,0.004,0.8078786602676308,0.995970126262153
2007,Yueyang,12043,0.7488449769491499,High,0.011566291426307091,2.1944312817759897e-6,0.748476934298097,0.45417253270523417,0.424,0.212,0.5540827032317606,0.24493971760393585
2007,Zhijiang,8115,-1.456623095910486,Low,0.010629517862848822,3.1075014777319687e-6,-1.245022414165019,0.21312351126535545,0.144,0.072,1.0552064168802306,1.6260959354605786
2007,Zhongfang,10660,-1.3106242530107282,High,0.011456102410379369,3.661957552092942e-6,-1.4254423395722469,0.1540293765293516,0.056,0.028,1.0346728354541919,1.7507350824677843
2007,Zhuzhou,11301,3.4622434258262844,High,0.011524454847911371,3.0158704900152518e-6,3.633961769042636,2.7910223665646747e-4,0.012,0.006,0.8335526283776662,0.5217602678575326
2007,Zixing,22947,1.4157734780299644,High,0.014271847686550735,2.2944345894084613e-6,-0.28310383979056364,0.7770972382291954,0.88,0.44,0.8497318009956889,1.0801118208791536
2008,Anhua,7230,-0.9631086953690046,Low,0.010228230907622178,2.407973525396536e-6,-0.429627389571195,0.6674667098609062,0.756,0.378,0.7976071431626857,0.79617578954652
2008,Anren,8804,1.0083668474405092,Low,0.010638853769016934,2.882652197767462e-6,1.4744427344136724,0.14036242553204295,0.18,0.09,0.7164222891814026,0.4186244584843757
2008,Anxiang,14128,0.2425713831350668,High,0.011758618164460997,3.7075216500914847e-6,0.06551159550726639,0.9477666742899655,0.828,0.414,0.937872852825461,1.0833890549707839
2008,Baojing,8754,-0.9663479781137383,Low,0.010415507624775786,3.6607857371338443e-6,-0.5895034997998153,0.5555235650935053,0.64,0.32,1.0290722241535633,1.6461673580108753
2008,Chaling,12069,-0.035020695707539996,Low,0.011305534384301858,4.429702167717248e-6,-0.01520933671435964,0.9878651729033326,0.852,0.426,1.0744676806841165,1.494049658534017
2008,Changning,12898,0.24507666823757004,High,0.011368647597503336,3.6754651233766332e-6,0.27201563310264826,0.7856099989456382,0.656,0.328,1.0035425166855036,1.119678734351635
2008,Changsha,46371,5.603953709687399,High,0.018788240732727352,2.3261052461491187e-6,2.4700799268744307,0.013508286677859827,0.036,0.018,0.759041722069751,0.8468151674927489
2008,Chengbu,7744,-1.8560738678530115,Low,0.010102026712241531,4.396280956169604e-6,-1.4650650391943325,0.14290317391140048,0.044,0.022,1.0706039233609088,1.2702345092768477
2008,Chenxi,7868,-1.4038184767271857,Low,0.010071555274002896,3.0171521294714153e-6,-0.9923961084291257,0.3210043365787637,0.3,0.15,0.9931356955175247,1.7054140459261848
2008,Cili,8817,-0.8680697209242606,Low,0.009995333444760491,4.0412649694919636e-6,-0.43046261270629393,0.666859157605298,0.776,0.388,1.184661773910468,1.8956461289164412
2008,Dao,10012,-1.0456479720450993,Low,0.010646844353451531,4.336996769676858e-6,-0.8280865467840205,0.4076214878568871,0.392,0.196,1.1622007294098526,1.6094712789105783
2008,Dongan,11989,-0.9613139877863285,Low,0.011173553298980555,4.0540177083726106e-6,-1.0203032036086834,0.30758468445432596,0.236,0.118,1.172001318963075,1.8705943753527015
2008,Dongkou,8018,-1.8865034064763022,Low,0.010203697942988869,3.1553173262895337e-6,-1.628589061913,0.10340004133745377,0.036,0.018,0.9565333591399295,1.2598420970665183
2008,Fenghuang,6491,-0.6682902125637445,Low,0.009546240068904232,3.6436039246367693e-6,0.13469552131601364,0.8928526143920728,0.74,0.37,0.8346119066507323,0.5514750956720276
2008,Guidong,5932,-0.3256256787258935,Low,0.008916932438688206,3.8679235811253945e-6,0.8180318259848633,0.4133390146432049,0.344,0.172,1.2375858142064173,1.8538402328878911
2008,Guiyang,14943,1.272296431540749,High,0.011694862001798687,2.67173893031873e-6,1.09797265669466,0.2722164292632114,0.26,0.13,0.9068671455535822,1.2721440586707473
2008,Guzhang,6354,-1.2880981648496175,Low,0.009804940686446446,3.3512071087504836e-6,-0.6601917412191487,0.5091307914949299,0.548,0.274,1.1668506196627586,2.212606883757603
2008,Hanshou,11478,-0.2271695735844452,Low,0.011204437556260766,3.8126079365446936e-6,-0.16841060960099255,0.8662602620588108,0.976,0.488,0.7499694675980039,0.5104046124497224
2008,Hengdong,13874,0.3492511749653171,High,0.01155132525586575,3.2705790710582696e-6,0.2819026433159869,0.7780181626331378,0.664,0.332,1.0322728645978816,2.0219544949262724
2008,Hengnan,12351,-0.09857263156736959,Low,0.01130733971109485,2.8272082929147768e-6,-0.07621128094050235,0.9392510079002133,0.924,0.462,0.676998068788594,0.2866255791013308
2008,Hengshan,12627,-0.19442191831599964,Low,0.011434805989946614,3.5199059875480644e-6,-0.26056272498301414,0.7944297380369514,0.896,0.448,0.8991691794718893,1.2015760786763803
2008,Hengyang,11057,-0.428606425754832,Low,0.010991588828848832,3.6508517771974293e-6,-0.28719087455359643,0.7739661732030959,0.908,0.454,1.1473164191789187,1.982841701018982
2008,Hongjiang,9739,-1.2737822132916492,Low,0.010721232514985614,3.41193652712414e-6,-1.029435387297943,0.3032751273909581,0.252,0.126,0.8450635750564729,0.9869457906121362
2008,Huarong,16722,0.600662870902451,High,0.013107124627811564,4.682049066992173e-6,-0.0023540301248395623,0.9981217574424261,0.76,0.38,1.5428441841284588,2.7926823335547146
2008,Huayuan,17460,0.4756297111126188,High,0.01312617529565086,4.55903878254603e-6,-0.25228715732897367,0.8008191141185453,0.944,0.472,1.5831715306179237,4.6881401087908845
2008,Huitong,8168,-1.124218813871609,Low,0.010162747963317323,3.7010316309249888e-6,-0.740133934171803,0.45921872997209057,0.48,0.24,0.9662408822515207,1.213851978862623
2008,Jiahe,15285,-0.16674448289785926,High,0.012075980089602286,3.419827789199195e-6,-0.5789105052366759,0.562649561401475,0.62,0.31,0.9231672333888864,0.9147938492238685
2008,Jianghua,8578,-1.2841139989089327,Low,0.010203304898171991,3.475072547410588e-6,-0.9858333044693788,0.32421491977516026,0.288,0.144,1.167215551615219,2.2839968649212423
2008,Jiangyong,10172,-0.9095619209959005,Low,0.010192958933927396,3.89355621673304e-6,-0.7407779807625059,0.4588280681829042,0.444,0.222,1.3764169943215627,2.7774217605186378
2008,Jingzhou,11398,-1.0379843906977082,Low,0.010926613859551675,4.0173710339706855e-6,-1.1145064976862569,0.265061958487123,0.164,0.082,1.1640589558327854,1.5628432555261877
2008,Jinshi,16969,0.8031040853087412,High,0.012632167524801204,3.371426124779358e-6,0.330317777268366,0.7411598617782456,0.628,0.314,0.7836387135994634,0.6905034033598452
2008,Jishou,19997,-0.09665614967304309,High,0.013296938566319819,3.9957731729432385e-6,-1.0710418945258233,0.28415059268481174,0.232,0.116,0.9827079136561842,1.1972495106209706
2008,Lanshan,11564,-0.5459194882520418,Low,0.011239211215213036,4.831844953418964e-6,-0.5232396295751227,0.600807506568209,0.704,0.352,1.1037135706190013,1.5995282245577567
2008,Leiyang,14731,0.40290962969532645,High,0.01194127884138694,3.889663299550272e-6,0.14599831104342678,0.8839227217333898,0.744,0.372,1.0204172114893875,1.8503463677787009
2008,Lengshuijiang,33518,1.8663920902553988,High,0.018678143736937408,3.2745039054287946e-6,-1.3882029393166797,0.1650752575066984,0.076,0.038,1.2937309107463388,2.905126301479701
2008,Li,12723,0.5123215321431488,High,0.011357087166291899,4.035891683494077e-6,0.5986644734757305,0.5493966525319305,0.464,0.232,0.9625296009324693,0.8855249019671163
2008,Lianyuan,10396,0.28222833490995236,Low,0.010874097114068575,2.623198996796209e-6,0.6096088502942003,0.5421209475231691,0.5,0.25,0.8716951175439598,1.0262358267364844
2008,Liling,19447,2.354522005349326,High,0.013695107783645195,3.9313700519761945e-6,1.8797069018129338,0.060148034440697565,0.116,0.058,1.216218830262135,1.9471326645187057
2008,Linli,14564,0.5705933056249128,High,0.011969227953141483,3.981733937421418e-6,0.364131153991692,0.7157600738986811,0.548,0.274,1.1568387196096401,1.7873751618967058
2008,Linwu,13441,0.38783765560628425,High,0.01141427182724148,3.6524073303497247e-6,0.4473098813508847,0.6546513333862127,0.528,0.264,1.0129458539581295,1.1126233616942223
2008,Linxiang,15351,0.6722431686832998,High,0.013012989431138896,3.679682832714378e-6,0.31826687061843145,0.7502825121681131,0.452,0.23,2.08600941233376,6.235958792547127
2008,Liuyang,25545,4.153090711351005,High,0.015052665953992822,3.479377847122335e-6,3.22057795977042,0.0012793239203446774,0.024,0.012,1.0165779889820123,1.416660567663591
2008,Longhui,5336,-2.7574642500316036,Low,0.009642198688781587,3.210350101262215e-6,-2.112799059809311,0.034617970192271155,0.004,0.002,0.8913429881190079,0.9897971587491585
2008,Longshan,5796,-2.124894438747879,Low,0.008873309060879986,3.5183271547566514e-6,-1.587286338130519,0.11244780802105209,0.02,0.01,1.1292877229855676,1.472491914868221
2008,Luxi,8003,-1.4170636996217927,Low,0.010329719719006614,3.227669358796593e-6,-0.9997676783268498,0.31742295101003426,0.244,0.122,0.853848740034416,1.0479409151781232
2008,Mayang,7130,-1.6254169090081998,Low,0.009838416137586375,3.5615921260678947e-6,-1.0421239181759037,0.29735423075380024,0.252,0.126,0.9451693653307006,0.9393279350404837
2008,Miluo,16968,3.6320431778871676,High,0.012424784829669465,3.2128847333369787e-6,3.761152840141406,1.6913203995224746e-4,0.008,0.004,0.8169881819679505,0.4447549592946114
2008,Nan,10120,0.21124729824137817,Low,0.010928779856218773,3.544319031538678e-6,0.45507803208916187,0.6490531016447973,0.564,0.282,0.9823107430756888,1.4368272273603377
2008,Ningxiang,22659,2.1591822091123825,High,0.013356215043486358,3.323721814926714e-6,1.123080709427698,0.261403218148841,0.268,0.134,0.9515689384676473,0.9515280891274127
2008,Ningyuan,7051,-1.1085297338273197,Low,0.010130296363322395,2.6777049525131385e-6,-0.5138481281636055,0.6073581760705606,0.66,0.33,0.8005812368561499,0.878708311825223
2008,Pingjiang,9748,3.0244753183663007,Low,0.010549757404328557,3.4177515790716403e-6,4.259850146813566,2.045640055567277e-5,0.008,0.004,1.042861568628037,1.4911339930493552
2008,Qidong,13469,-0.5386710270774793,High,0.01154857286854702,3.216541259811223e-6,-0.6651073701046802,0.5059818210279343,0.544,0.272,0.9294860946744304,1.3663715444723818
2008,Qiyang,11495,-0.453122972951452,Low,0.011145282349592011,3.215207063904125e-6,-0.35106281026381786,0.7255412275467967,0.82,0.41,0.9905279122712668,1.4102321138957183
2008,Rucheng,6366,-0.15891826164410744,Low,0.009253160052785028,3.7369462540387797e-6,0.88021449959689535,0.37874312009507227,0.32,0.16,1.199107017181031,2.1419299875238487
2008,Sangzhi,7157,-1.6112685041735033,Low,0.010063685838795584,3.4170064333671214e-6,-1.0375757387064963,0.2994676178532643,0.224,0.112,1.0008106227164282,1.221302312613533
2008,Shaodong,11413,-1.1939443318020475,Low,0.011023861519191736,2.9345847047931877e-6,-1.1935906635742741,0.23263812790308502,0.204,0.102,0.6223306028172269,0.6367732000410116
2008,Shaoshan,25249,2.6219092677954365,High,0.015782118287610888,4.127983266126715e-6,1.1458310742691327,0.2518650549219,0.24,0.12,1.1586310775917066,1.368647058061912
2008,Shaoyang,5759,-2.0873784527687156,Low,0.010067732314296507,3.173181313180267e-6,-1.4650852754339365,0.14289765345203104,0.064,0.032,0.9688716971857823,1.5749344426930714
2008,Shimen,12902,-0.3826165492302932,High,0.011436770315202608,4.08365480857512e-6,-0.44295276157766983,0.6577999031389854,0.796,0.398,0.9686589404303766,1.074358143988368
2008,Shuangfeng,9517,-0.5069567664667691,Low,0.010727911484084309,3.7741984634390814e-6,-0.19392168481959662,0.8462372039664936,0.96,0.48,0.8038966995622611,0.8371862791656937
2008,Shuangpai,13854,-0.4932394933074966,High,0.011723702071169012,3.925480806104549e-6,-0.8223136621674061,0.41089840304120284,0.372,0.186,1.2844857416312538,2.1273150094158737
2008,Suining,10834,-1.7509924242470072,Low,0.011181437222445573,3.546755706765087e-6,-1.6429324343295233,0.10039691342764467,0.04,0.02,0.8987755262722104,0.9866768109281123
2008,Taojiang,9985,1.046950969914712,Low,0.010825790001414114,3.0545189237378295e-6,1.4286118039413218,0.1531158395707482,0.204,0.102,0.7878777635462478,0.5738258562445067
2008,Taoyuan,13197,-0.5768672522077375,High,0.011522476407833335,2.4960940826114473e-6,-0.6544135135337829,0.5128454304662107,0.552,0.276,0.7036634407660014,0.19938434104917624
2008,Tongdao,6655,-1.3982425354327923,Low,0.00925690960531904,4.169022318559894e-6,-0.7302976142527451,0.4652082862181629,0.432,0.216,1.3274483976746148,2.363268280332731
2008,Wangcheng,28581,4.560895930282463,High,0.014737700230451152,2.978762302680493e-6,3.322696191321565,8.915195387798747e-4,0.016,0.008,0.8622526462667108,1.1521425694442131
2008,Wugang,7751,-2.35002155947602,Low,0.010237191852211917,3.1961629743330455e-6,-1.9951381769266956,0.04602781156342301,0.008,0.004,0.6977879352252573,0.13501867126333078
2008,Xiangtan,13364,3.654968976787842,High,0.011434384147601798,2.6443804015524904e-6,3.7120882073195776,2.055563212028091e-4,0.016,0.008,0.7592187939897023,1.2013603036631393
2008,Xiangxiang,14424,1.273913750332572,High,0.011877673635202661,3.442210359483896e-6,1.198043017595191,0.23090027047002615,0.264,0.132,0.9483023364079605,1.0521202584272258
2008,Xiangyin,16070,1.6904472234465204,High,0.012107811968819302,3.2884219217872836e-6,1.5922937073489505,0.11131872619851929,0.168,0.084,1.0663879090919313,1.6263944510298636
2008,Xinhua,5622,-1.0786229474281783,Low,0.009858717460935763,3.3215444639040945e-6,-0.3562334814990165,0.7216657198220503,0.828,0.414,1.0184777189259568,1.6539134683131538
2008,Xinhuang,8479,-0.9696219429992019,Low,0.008838415703666268,4.312854977236026e-6,-0.3536025187659925,0.7236367864648194,0.852,0.42,2.2980040342463526,7.142593425978816
2008,Xinning,6295,-1.9322754177907024,Low,0.009504090709742482,3.433847285433767e-6,-1.4310471626179302,0.152416698838994,0.072,0.036,0.9284085165982796,1.2085539816775128
2008,Xinshao,7055,-0.8528647748053317,Low,0.010308826228249766,3.240507389137582e-6,-0.3602373204004359,0.718669667917522,0.824,0.412,0.6733596978633417,0.1788367477678805
2008,Xintian,8312,-0.679432287932786,Low,0.010158304455340213,4.170911723267397e-6,-0.18654064427243483,0.8520208086488001,0.956,0.478,1.0854598443267094,1.184547088493134
2008,Xupu,7354,-2.097378122668475,Low,0.010508509809734909,2.6559566317722285e-6,-1.745266419582034,0.08093850436822426,0.036,0.018,0.7082268868260758,0.8213565683272503
2008,Yanling,11434,0.4160922013061211,Low,0.01109556170230853,3.5190487179270828e-6,0.6194205387882707,0.5356393541281403,0.46,0.23,0.8380181665273212,0.9274258888333535
2008,Yizhang,13391,0.9304054981458245,High,0.011636700995313966,4.222029300913159e-6,0.9242908873302021,0.355334885982217,0.268,0.134,1.6153986808577177,4.899101986342424
2008,Yongshun,5361,-2.2448784754249775,Low,0.00953983407612927,3.63995114971224e-6,-1.571883378084108,0.11597760009447197,0.024,0.012,1.1166876742729113,1.5076328922821345
2008,Yongxing,16973,1.442781896170405,High,0.012335683970839114,3.1833811798895556e-6,1.1924241746409185,0.2330949659407391,0.24,0.12,0.7547069199887285,0.6811418661151132
2008,You,18462,0.9932025195615205,High,0.012876050357027258,3.9656723468543634e-6,0.3119990950291908,0.7550412110933582,0.628,0.314,1.1338414840074864,1.9078605498045613
2008,Yuanjiang,14482,0.1670549321881578,High,0.011899674899855757,3.95005400727397e-6,-0.08913275665078478,0.9289764049469788,0.928,0.464,0.9212655356888824,0.8115541060406715
2008,Yuanling,12259,-2.015904954362412,Low,0.011152601249553752,2.577698682515708e-6,-2.0832275912800453,0.03723048326294161,0.008,0.004,0.8537787809338531,1.1110130024934746
2008,Yueyang,14860,0.8079917103821113,High,0.011628514466289184,2.4993662114924362e-6,0.7887507873481299,0.43025767787563907,0.408,0.204,0.5736354614963224,0.3321204331465899
2008,Zhijiang,10145,-1.2055430557575797,Low,0.010736728348622339,3.493847207936191e-6,-1.0501905091206132,0.29363053222324786,0.244,0.122,1.0852018010216151,1.58486451941791
2008,Zhongfang,14660,-1.0212256517876384,High,0.011913197901467748,4.142981727841129e-6,-1.3478681478715142,0.1777007944032239,0.088,0.044,1.1041033760443077,1.926363037698744
2008,Zhuzhou,14209,3.6009324297837217,High,0.011664269560246463,3.4818778837921444e-6,3.692926417108694,2.2168818359511266e-4,0.008,0.004,0.8970913360748942,0.6414226829275704
2008,Zixing,29006,1.1635008717999864,High,0.014533156524040674,2.590148421679958e-6,-0.6166778585242838,0.5374472283436507,0.612,0.306,0.8517145913219858,1.1166775451138733
2009,Anhua,8528,-0.7063891048770691,Low,0.010271034663955635,2.989148915180805e-6,-0.2448765997916604,0.8065519808229642,0.932,0.466,0.9081970339639118,1.1979758073497981
2009,Anren,6386,0.5940732461735696,Low,0.01007598655328909,3.709559029819886e-6,1.2925493891619888,0.1961669536047456,0.22,0.11,0.8965983387163582,0.9915264360651421
2009,Anxiang,16763,0.4058225583067368,High,0.011932272925175229,4.842126832067768e-6,0.1960152758374595,0.8445982095395984,0.652,0.326,1.1847914518143672,1.9237813983704815
2009,Baojing,10974,-0.8205711766240916,Low,0.010620139517650232,4.665172593369756e-6,-0.5918915452550082,0.5539232157561247,0.592,0.296,1.1537600045021168,1.9624373241701232
2009,Chaling,13154,-0.3272307708018729,Low,0.01116355480210464,5.750402103114344e-6,-0.3192933005024152,0.7495041124531727,0.872,0.436,1.339035075354829,2.4450596021715825
2009,Changning,14905,0.15868661412096097,High,0.011432894477530252,4.70173680770911e-6,0.14838608055343921,0.8820380845730909,0.716,0.358,1.295154367432202,2.3483102826724265
2009,Changsha,64022,6.278886224600474,High,0.02101045123631104,2.697154183573348e-6,2.8836330991541876,0.003931164796929114,0.024,0.012,0.7474401064938422,0.7878935082482594
2009,Chengbu,6690,-1.970463439159068,Low,0.009608291038067976,5.911533614551106e-6,-1.4482656986561684,0.14754275682412488,0.024,0.012,1.2481247918944698,1.767606139643993
2009,Chenxi,9099,-1.1316057373311157,Low,0.010087165387783108,3.844227401017226e-6,-0.7710915071339395,0.4406526942423656,0.448,0.224,1.1778944960187283,2.2536680076866924
2009,Cili,10653,-0.5349640064939255,Low,0.010178128627394159,5.208247349625536e-6,-0.1723439300367245,0.8631671498289677,0.98,0.49,1.4528834662407373,2.9809434706597173
2009,Dao,10982,-1.1276670964860176,Low,0.010573756619480025,5.710805836911888e-6,-0.9330950652700122,0.3507708867865789,0.292,0.146,1.4175032285045779,2.5243011827105306
2009,Dongan,13364,-1.0177650321264395,Low,0.011108117337267161,5.191509585570457e-6,-1.0840098610436406,0.2783604266358383,0.2,0.1,1.3805429645276581,2.6522290545632226
2009,Dongkou,7873,-1.9382453230133727,Low,0.00994661780955236,4.270204211980865e-6,-1.6254489369912837,0.10406693577837972,0.032,0.016,1.2370428744967572,2.216336156503317
2009,Fenghuang,8412,-0.4538445608929841,Low,0.009822773413688464,4.743688045416942e-6,0.14946499689660034,0.8811867275090298,0.72,0.36,1.0499338287756825,1.1951516758879128
2009,Guidong,5615,-0.4832724977676568,Low,0.008542056062975116,5.000183325897848e-6,0.6239910867782682,0.5326334386820665,0.372,0.186,1.4797055959105332,2.92363991743271
2009,Guiyang,17184,0.9637182866111615,High,0.011731550389086827,3.4715730098957765e-6,0.7938060776878161,0.4273083339211347,0.348,0.174,1.0659411073660872,1.8926282171136828
2009,Guzhang,7061,-1.0022914867740864,Low,0.009761149095701624,4.411891711829672e-6,-0.4128656075690475,0.6797050801998854,0.756,0.378,1.2640216164541582,2.1328688876435207
2009,Hanshou,12140,-0.2467707943088278,Low,0.011022464377540701,5.067403289668091e-6,-0.11855694227719653,0.9056263797611378,0.952,0.476,0.9463338036324873,0.8560162803733071
2009,Hengdong,16461,0.1637461351314396,High,0.011695655716406255,4.354523298915925e-6,0.020636199513316637,0.9835358635725451,0.852,0.426,1.2749083994461754,2.8244178278112484
2009,Hengnan,13334,-0.2355236798283029,Low,0.011192703198099218,3.7162099475436193e-6,-0.17352958510776054,0.8622351750688824,1,0.5,0.9193290668427756,0.9658453098794415
2009,Hengshan,15357,-0.15754258231764642,High,0.01168411537971404,4.547698249870916e-6,-0.33231414305582624,0.7396520615470279,0.852,0.426,1.2007838759219096,2.379789000192451
2009,Hengyang,12198,-0.4972625651176621,Low,0.010945971259230384,4.864212141850669e-6,-0.36618162096394485,0.7142295555616176,0.828,0.414,1.3352894081319155,2.879770825915066
2009,Hongjiang,10227,-1.357899480219783,Low,0.010555932656016604,4.468854536251843e-6,-1.0892994476733344,0.2760218562645557,0.212,0.106,1.0468723483539513,1.6340953198244197
2009,Huarong,19538,0.6628405596501451,High,0.013369860324464883,6.38016444800405e-6,0.07681822051353679,0.9387681556945218,0.684,0.342,1.8990798977657024,4.617823563698571
2009,Huayuan,18150,0.36018032185421345,High,0.012674394165712432,6.3611704615028035e-6,-0.09823735126681502,0.9217438238687556,0.916,0.458,1.9709730768450475,6.891762507150787
2009,Huitong,8069,-1.2595791836136125,Low,0.009860800199604131,4.969242881432502e-6,-0.8389314222351879,0.4015077937076793,0.376,0.188,1.201850038224799,1.8921929489516511
2009,Jiahe,17190,-0.1948244369929937,High,0.012038080971274588,4.440213065960656e-6,-0.5478886491273394,0.5837683632673158,0.644,0.322,1.2153239421983921,1.851248535988658
2009,Jianghua,9605,-1.32284566161495,Low,0.010176367596419251,4.60082498636765e-6,-1.0979794022754183,0.27221348363957815,0.164,0.082,1.4657777181908465,3.584304310702059
2009,Jiangyong,8937,-1.1265816684160375,Low,0.009191396298212995,5.143964366304371e-6,-0.6910749651440214,0.4895184319794522,0.488,0.244,1.7715488168304492,4.982178529647262
2009,Jingzhou,11994,-1.1533814430122473,Low,0.010623871796165361,5.208153027539761e-6,-1.1674040526197897,0.24304723529254887,0.1,0.05,1.4783937021984825,2.8650307232175276
2009,Jinshi,20528,0.9146754870439145,High,0.012977226503471892,4.370143453343068e-6,0.3997985529849617,0.6893048965973858,0.564,0.282,1.0231060798504619,1.528010717511279
2009,Jishou,22675,0.03337177337497443,High,0.013339585132520539,5.323912172837388e-6,-0.8207296966071534,0.41180025150740507,0.376,0.188,1.1952600438672742,1.8447979075734127
2009,Lanshan,12406,-0.5605388865083447,Low,0.01110434850428414,6.530637247373522e-6,-0.4859112742625562,0.6270300745001326,0.732,0.366,1.4390771291584967,3.1537508304858104
2009,Leiyang,17756,0.283357871678964,High,0.012205230607624736,5.274273629060555e-6,-0.06243539394682842,0.9502161096359317,0.892,0.446,1.2644375023799845,2.5801461738989246
2009,Lengshuijiang,35033,1.2066422105911265,High,0.017750105036191437,4.456388049699299e-6,-1.3383794118309695,0.1807727867827521,0.076,0.038,1.6208038075343971,4.398829308186145
2009,Li,15786,0.8087707586578999,High,0.011742525197220015,5.3264197398108e-6,0.7742431351181077,0.4387870242651314,0.372,0.186,1.263731869177724,1.876700316801874
2009,Lianyuan,10330,0.11892296752129916,Low,0.010626910432654754,3.417412184560821e-6,0.528669152685838,0.5970349796265696,0.52,0.26,1.0683440393271946,1.733281853383419
2009,Liling,21856,2.1093092117268704,High,0.013647901601428168,5.170737545098802e-6,1.7330727333736913,0.08308274200860023,0.116,0.058,1.5172237055876523,3.2032760349724443
2009,Linli,16160,0.7283305409182887,High,0.011895590770126276,5.129013528936801e-6,0.6263018378859797,0.5311169810820144,0.396,0.198,1.3714997893285268,2.500490587953937
2009,Linwu,15375,0.09043467926049306,High,0.011406887195637054,4.697370171675606e-6,0.09178052033985469,0.9268724212448357,0.724,0.362,1.3056026211248233,2.2188303339866042
2009,Linxiang,20713,1.0536772453664422,High,0.014746290646171846,4.59070160408624e-6,0.31737978867776445,0.7509554413799084,0.5,0.254,2.5925902612570795,10.691244019136343
2009,Liuyang,31397,4.392061685083136,High,0.01570452788611537,4.680564732959315e-6,3.4298717016692843,6.038667064511366e-4,0.024,0.012,1.3116283211302613,2.4710074543282037
2009,Longhui,5888,-2.571598672945969,Low,0.009602618853061278,4.323879316243394e-6,-1.9859466304033233,0.047039250240530885,0.004,0.002,1.1458455293066405,1.8540511394149464
2009,Longshan,6586,-1.7828142218267082,Low,0.008849575355436769,4.698450001844047e-6,-1.2675396726735486,0.20496238736206213,0.084,0.042,1.370164903281933,2.673908220117621
2009,Luxi,11100,-1.0196646641933804,Low,0.010741578202389529,4.079487316291253e-6,-0.8484201699470117,0.3962040136388504,0.352,0.176,1.0020215932553729,1.306372582065615
2009,Mayang,8044,-1.2525993766720682,Low,0.009834479885556769,4.719528695809549e-6,-0.7168432058303907,0.4734708489762482,0.456,0.228,1.1638015837631037,1.5508464282882288
2009,Miluo,22143,4.177036158980905,High,0.013093981103159574,4.218490470705006e-6,4.168690707199748,3.063543724622425e-5,0.004,0.002,1.065399177521712,1.2701357411437986
2009,Nan,12410,0.2263133020719763,Low,0.011110112586209194,4.680998844312416e-6,0.3567839161277573,0.7212535779620801,0.548,0.274,1.2953030872522915,2.6002151892583623
2009,Ningxiang,29326,2.251770586804622,High,0.01397990283322682,4.451825626124332e-6,1.0503781924989333,0.29354426787281523,0.264,0.132,1.1136342143515225,1.3953814542102743
2009,Ningyuan,7649,-1.1189608155780355,Low,0.010034150185478286,3.3797826355395943e-6,-0.5830562303778483,0.5598554474258646,0.608,0.304,1.0338158285517351,1.6426953525528036
2009,Pingjiang,10617,3.4419788188727147,Low,0.010424993782114143,4.636358864940206e-6,4.716538852981442,2.398905738679007e-6,0.004,0.002,1.3797439949990684,2.8103204883065747
2009,Qidong,13516,-0.674450717720317,Low,0.011275615405064712,4.3782696721322745e-6,-0.6496791499044615,0.5158994946459947,0.564,0.282,1.1051286246663794,1.787127913604194
2009,Qiyang,12173,-0.5725598733462075,Low,0.011040560390310691,4.377628726113392e-6,-0.4328714061034584,0.665108194111717,0.72,0.36,1.2291451911059141,2.2330289969708774
2009,Rucheng,5707,-0.6114266020422415,Low,0.008802636740068146,4.7488387011475056e-6,0.34715480618564604,0.7284750213131272,0.628,0.314,1.3708860114086616,2.880661311825996
2009,Sangzhi,8282,-1.2586400881301618,Low,0.010093265173426066,4.569527736680121e-6,-0.7544321939718746,0.45058974627202264,0.448,0.224,1.2090341809352556,1.9680843541755992
2009,Shaodong,13348,-1.2754717810346357,Low,0.011106282907932249,3.728265718625048e-6,-1.3798334427773165,0.1676379331220062,0.104,0.052,0.7212916560091187,0.6826671499772563
2009,Shaoshan,26459,2.2247822390166325,High,0.015109822143217991,5.424059249811961e-6,1.2107330820733826,0.22599771915621703,0.204,0.102,1.4132553391892229,2.290936560702635
2009,Shaoyang,6201,-2.021404986358071,Low,0.00999515075763521,4.253210717435475e-6,-1.4399363294468268,0.14988541356293958,0.04,0.02,1.233433927590964,2.2426236502123587
2009,Shimen,17355,0.0013305246589229627,High,0.012069381008699726,5.193621110817292e-6,-0.30824091415036375,0.7578990220681507,0.944,0.472,1.1493735229601052,1.4990063850735371
2009,Shuangfeng,9553,-0.5839444905480075,Low,0.010517531794028383,4.989942832827545e-6,-0.2200253704145802,0.8258513960891128,0.928,0.464,1.004078047143302,1.4359043147543948
2009,Shuangpai,14984,-0.5849360471544552,High,0.01147202336060131,5.153701017553647e-6,-0.8081715234632735,0.4189918483344975,0.324,0.162,1.5625941967211294,3.4325780324892854
2009,Suining,10645,-1.9521504116364268,Low,0.010961754148250596,4.836721747994451e-6,-1.7222210350843636,0.08502948574809027,0.016,0.008,1.0769003516630211,1.3884237728833027
2009,Taojiang,11818,1.2170982090427138,Low,0.010933020162336254,4.169219273338661e-6,1.4901145529183069,0.13619411831927086,0.196,0.098,0.973778964717456,1.0427790343313417
2009,Taoyuan,14759,-0.3000654566611616,High,0.011488899155047902,3.254088859646167e-6,-0.358850830663334,0.7197066843657867,0.836,0.418,0.8013927207413173,0.425099264495977
2009,Tongdao,7491,-1.469441166845836,Low,0.009233137626425048,5.524753782942933e-6,-0.9386258288159776,0.34792288682418965,0.204,0.102,1.6501157343298702,3.7949217942329456
2009,Wangcheng,37231,5.185431953677713,High,0.015672297226871506,3.890320706249285e-6,3.837603384390583,1.2424093340090427e-4,0.016,0.008,1.1921265555032199,2.3724324723067136
2009,Wugang,7797,-2.380392372316485,Low,0.010051747694984157,4.147378589716753e-6,-2.0332374874599686,0.042028535389501215,0.004,0.002,0.9070651678944308,0.6897011954603651
2009,Xiangtan,14634,3.83313810934851,High,0.011343949411047776,3.3844737572910176e-6,4.003827049550527,6.232593694723231e-5,0.012,0.006,0.9531189297267948,1.7069209961401866
2009,Xiangxiang,16184,1.0273860072159409,High,0.01183698652764565,4.616409186051912e-6,0.9579219302496815,0.3381021270866071,0.284,0.142,1.2244653602096425,1.9161450918098328
2009,Xiangyin,18089,1.7887908888284796,High,0.012054818317049123,4.4069727224832326e-6,1.7703594934453624,0.07666727306718855,0.14,0.07,1.2972989768161056,2.312874452883613
2009,Xinhua,7037,-1.1364047861889324,Low,0.009965411599520245,4.472929160932495e-6,-0.5696921124006844,0.5688865407556558,0.636,0.318,1.238857753988771,2.5130871289227095
2009,Xinhuang,8029,-1.0607704594564225,Low,0.00801309030341043,5.68066694707692e-6,-0.31025778475594146,0.7563649310746238,0.892,0.44,2.824800385643641,11.46425375138383
2009,Xinning,6748,-1.897080246656736,Low,0.009393509931254679,4.3134394963102065e-6,-1.4974232058300865,0.13428317380098123,0.056,0.028,1.0190557249856003,1.3056047879409078
2009,Xinshao,6681,-1.0148185212491616,Low,0.010065192982154064,4.1994178126742516e-6,-0.5007354237089428,0.6165573383170919,0.716,0.358,0.898352307704367,0.7082840059676161
2009,Xintian,9089,-0.6719214456729466,Low,0.010093977639375935,5.662446933647805e-6,-0.22257900463191263,0.8238631784320631,0.96,0.48,1.3273576842507704,2.013415640112072
2009,Xupu,7855,-1.898790168255232,Low,0.010453531297537141,3.640553463964923e-6,-1.5362520702521,0.12447656974553925,0.072,0.036,0.8786155222612606,1.0531166971975772
2009,Yanling,12769,0.11464713597178439,Low,0.011050532851697747,4.482490034897862e-6,0.2813159917621913,0.7784680457320168,0.64,0.32,1.091674170793648,1.7632974481289105
2009,Yizhang,10292,0.28714308902128366,Low,0.01040610062316476,5.677836156013419e-6,0.7245454326196011,0.46873094541884686,0.316,0.158,1.872284778651988,6.224780746540176
2009,Yongshun,6051,-1.917880512136457,Low,0.009537933107846624,4.747489791483855e-6,-1.3309813313201597,0.18319515377532453,0.056,0.028,1.3422928918767414,2.4225261615782934
2009,Yongxing,19164,1.1520112945462309,High,0.012302925241647096,4.216917554354737e-6,0.9249115856860485,0.35501189960507723,0.292,0.146,1.0107143784554866,1.478223499602219
2009,You,20105,0.6180670996582489,High,0.01272601850241991,5.302927414407757e-6,0.06972476812026242,0.9444127276445171,0.724,0.362,1.3943860764703735,3.0648180763374784
2009,Yuanjiang,14923,0.04238193800674707,High,0.011604899403761073,5.251637943215127e-6,-0.059709089957450535,0.9523873319151968,0.876,0.438,1.1219389295875128,1.2665980414580087
2009,Yuanling,13596,-1.7005855193115276,Low,0.011085866259624443,3.2968961721149744e-6,-1.741754540658354,0.08155140436030968,0.012,0.006,1.0509306139097863,1.8062437566970901
2009,Yueyang,16940,0.9576911801950103,High,0.011605297585907379,3.0766821789220047e-6,1.0339672951723242,0.3011514527936442,0.276,0.138,0.7182537575882749,0.8856525829870168
2009,Zhijiang,11462,-1.200561078900807,Low,0.010735677665458184,4.625859775135739e-6,-1.0834562861182475,0.27860594385201,0.184,0.092,1.3806932941588381,2.876172406275387
2009,Zhongfang,16912,-0.9106728229418223,High,0.01201414275095731,5.527846921618153e-6,-1.2310828494415258,0.21829187931542796,0.092,0.046,1.3320833707206758,2.9947733070080975
2009,Zhuzhou,15699,3.687411285179557,High,0.011585121003953675,4.526994916908027e-6,3.865730643056326,1.1075712333847704e-4,0.008,0.004,1.084219639393319,1.25790964260214
2009,Zixing,32958,0.5767294413586957,High,0.014578459507218719,3.5209462275452255e-6,-1.0536623272626628,0.29203754259001363,0.228,0.114,1.079654430699776,1.959541532362068
2010,Anhua,9924,-0.6211311429114234,Low,0.01023945736162072,3.209343364196968e-6,-0.12220330572672043,0.9027380084878478,0.988,0.494,0.7381592942026367,0.4361888041344364
2010,Anren,9171,0.9211700900882603,Low,0.010237819623407527,3.770092125093922e-6,1.5468581573893654,0.12189745270357058,0.152,0.076,0.7352605632359634,0.44038199852492177
2010,Anxiang,19817,0.3226007229658533,High,0.01183540855182499,4.876035177143285e-6,0.1490613100854289,0.8815052548307046,0.712,0.356,0.9795122178297869,1.0651983565748857
2010,Baojing,11906,-1.2331704610133043,Low,0.010376190585739072,4.736906832848597e-6,-0.9530064378428105,0.3405868088523504,0.312,0.156,0.9318421136465028,1.0360770954921739
2010,Chaling,15077,-0.327775329963862,Low,0.010947542956017284,5.8597990536573205e-6,-0.23075543161532908,0.8175048072118354,1,0.5,1.0491656815322776,1.1854221961569564
2010,Changning,17739,0.09976225492708014,High,0.011370424383814179,4.802556749455784e-6,0.10992293120576552,0.9124704962719332,0.748,0.374,1.0251089851788295,1.0914291072480813
2010,Changsha,70604.01,5.935745576293733,High,0.01988963652475587,3.220160370189743e-6,2.883075600176791,0.003938129139819582,0.02,0.01,0.8376194260442641,0.8663916334110375
2010,Chengbu,7628,-2.078240949043711,Low,0.009508871806087714,5.992878364294132e-6,-1.5329117711617315,0.1252975951658254,0.024,0.012,1.0717366751980406,1.1279467506027103
2010,Chenxi,11367,-1.073608041854108,Low,0.01014709217135165,3.945758045470166e-6,-0.72942173219896,0.46574372817916104,0.516,0.258,1.0199593928135715,1.5514543699507435
2010,Cili,13345,-0.5481222820610159,Low,0.010277349782839802,5.3033555850084585e-6,-0.23606219786277102,0.8133844067534706,0.992,0.496,1.2128485717143325,1.784564661888628
2010,Dao,13118,-1.11280072280351,Low,0.01051465873366797,5.86605613845086e-6,-0.8891497801916733,0.37392258840005954,0.344,0.172,1.2831140733177864,1.9840866699631947
2010,Dongan,15645,-1.1684991973942904,Low,0.010992883044394164,5.453723405105764e-6,-1.1912805560274489,0.23354346445841212,0.124,0.062,1.1881146437710126,1.678373507862946
2010,Dongkou,9331,-2.0231999411716926,Low,0.009898864211943737,4.411832298607486e-6,-1.6940558664480885,0.09025466762904115,0.028,0.014,1.020030081212477,1.2227185073054452
2010,Fenghuang,9801,-0.7622232225893633,Low,0.009745595153809168,4.99758862100943e-6,-0.19617038928186623,0.8444768036737869,0.984,0.492,0.8806240422629341,0.537960654917685
2010,Guidong,6406,-0.275303399209174,Low,0.008432016619930194,5.034898205419183e-6,0.9416676725824896,0.3463628109149098,0.312,0.156,1.2539600780274993,1.7700027629820072
2010,Guiyang,22468,1.3185665013635741,High,0.011903993123301619,3.5693832408257325e-6,1.0616713625290675,0.28838490439458886,0.26,0.13,0.9511195276662816,1.4341057783469529
2010,Guzhang,8301,-1.1859108095328361,Low,0.009727043793958572,4.590238561857969e-6,-0.6103595777375015,0.5416236388416902,0.612,0.306,1.155282940623046,1.7755995970262584
2010,Hanshou,15906,-0.23169445744508707,Low,0.011226056910345337,5.177355580861395e-6,-0.19234226615489033,0.8474741128270831,0.996,0.498,0.8010939816872467,0.36735258822363015
2010,Hengdong,19781,0.22495991546003014,High,0.011675730470884592,4.548581198601365e-6,0.09711001213079379,0.9226390299130829,0.8,0.4,1.0566409196914395,1.7870519880973879
2010,Hengnan,16146,-0.32297382556902243,Low,0.011184281032406065,3.742268117801194e-6,-0.26830089639129495,0.7884677162883251,0.904,0.452,0.7116948304722907,0.3033446766459398
2010,Hengshan,18130,-0.2292130437635348,High,0.01160447874831558,4.524543969611033e-6,-0.3807596898130679,0.7033815729529522,0.804,0.402,0.8829024465128773,0.9722390970789032
2010,Hengyang,14328,-0.5737535737293394,Low,0.010864364619341758,4.867245512446884e-6,-0.41936437242054314,0.6749498577088805,0.796,0.398,1.086217481252561,1.6821382352046168
2010,Hongjiang,12107,-1.383958322839918,Low,0.010486832938933965,4.379325260455605e-6,-1.1073600088942706,0.26813830888021484,0.2,0.1,0.8315863704651617,0.7850411324086992
2010,Huarong,23666,0.5716727617098615,High,0.013359465029706719,6.2713611098603475e-6,-0.03346973356408289,0.9733000014204506,0.772,0.386,1.5632678051982183,2.6053870582902965
2010,Huayuan,17517,-0.24111314617136248,High,0.011500282809089393,6.1745623759422646e-6,-0.3435309015566226,0.7311990976001213,0.912,0.456,1.5219529756857222,4.063312303926038
2010,Huitong,9679,-1.3089562202753906,Low,0.00982317844314366,4.915131029702986e-6,-0.8981876608726751,0.3690855105907338,0.344,0.172,1.0026063425401242,1.1387679709504317
2010,Jiahe,22247,-0.0850278699945621,High,0.012293687116578845,4.520544373764136e-6,-0.5367198214705104,0.5914611622133206,0.7,0.35,1.0345044637422873,1.3143700983006168
2010,Jianghua,11445,-1.2891792256743162,Low,0.01014290216689281,4.686938585180553e-6,-1.042827779145894,0.29702806309092006,0.212,0.106,1.186049808411299,2.290208047834005
2010,Jiangyong,12678,-0.9595641095559795,Low,0.009780638133386334,5.167760394715549e-6,-0.715423357667012,0.4743474836881182,0.476,0.238,1.3973319385195664,2.6186252963062904
2010,Jingzhou,14104,-1.2303452745532832,Low,0.010522514640277071,5.295555117895047e-6,-1.224345907567088,0.22082176572216833,0.088,0.044,1.2000514676661074,1.4701676257719534
2010,Jinshi,24824,0.8159405853628987,High,0.012948345556818038,4.487831237404145e-6,0.29116265060969,0.7709269261374345,0.64,0.32,0.84622814874385,0.7015710577295993
2010,Jishou,24730,-0.4225001306856433,High,0.012835844366370324,5.366428430262626e-6,-1.0883208091350438,0.2764535072104501,0.228,0.114,1.0105817807564514,1.3053093289934203
2010,Lanshan,14625,-0.5607804061527066,Low,0.011009133298401358,6.449424170170358e-6,-0.4562035312069901,0.6482436263762588,0.796,0.398,1.189870346794052,1.8492566907431502
2010,Leiyang,21325,0.4900209521166324,High,0.012171866361869692,5.404050762286019e-6,0.17566096670793493,0.8605603024454329,0.724,0.362,1.0590896171018307,1.7487978019883998
2010,Lengshuijiang,43373,1.2509090657653135,High,0.017985962643719478,4.650176218142561e-6,-1.3460144929009754,0.17829784265413434,0.064,0.032,1.3330916248898883,2.5229023747063586
2010,Li,18426,0.6828293033336259,High,0.011578573799438774,5.4716402671345875e-6,0.6957355072491266,0.4865944846176035,0.436,0.218,1.0681646947075076,0.9812110605962996
2010,Lianyuan,12269,0.32281292162921416,Low,0.01059714259517462,3.530659387985568e-6,0.7581152945896084,0.4483819643113059,0.396,0.198,0.8653374649970557,0.8681462512238616
2010,Liling,27737,2.452503975072268,High,0.01393620153514103,5.20894443085282e-6,2.0682025846074246,0.03862097733246753,0.096,0.048,1.3109799921174925,2.1348782532658577
2010,Linli,19273,0.6195025593967171,High,0.011817212041227723,5.205850187243631e-6,0.5337972722170232,0.5934818012271585,0.48,0.24,1.1614242412770748,1.717643986194071
2010,Linwu,18416,0.17379367903005513,High,0.011371971177279783,4.776275888932544e-6,0.21074880806096657,0.8330832865109322,0.692,0.346,1.0540800505966532,1.1290872847940268
2010,Linxiang,23986,0.8749467144248739,High,0.014268768403935268,4.888009980951223e-6,0.2234249443615264,0.8232047921629702,0.54,0.274,2.1832575601336166,6.2878493174036585
2010,Liuyang,42619.32,4.492187226783604,High,0.01667681328492896,4.645510323416638e-6,3.158370937605468,0.0015865354230169691,0.028,0.014,1.0895737321831542,1.5486465128082445
2010,Longhui,6944,-2.626468567312578,Low,0.009557861057465462,4.429111216738701e-6,-2.0223274204948214,0.043142537658534284,0.004,0.002,0.9746490588911294,1.1383145182950418
2010,Longshan,7524,-1.8920453259547303,Low,0.00874865386453905,4.858895029867722e-6,-1.3660933883845816,0.17190965324103882,0.056,0.028,1.163037653771523,1.405554126845959
2010,Luxi,13518,-1.1117179619636068,Low,0.01075382913320367,4.3622098653111195e-6,-0.9365279523105547,0.34900142766852343,0.308,0.154,0.9165593724882293,1.0919346568877693
2010,Mayang,10097,-1.1853092547009443,Low,0.00987915019715227,4.629154790171727e-6,-0.6777907343105999,0.4979043867572677,0.532,0.266,0.9276795227586587,0.7200889431027013
2010,Miluo,26689,3.9295129677771907,High,0.013040172557166699,4.262224401859644e-6,3.9134236003529366,9.099669977652697e-5,0.008,0.004,0.8814101088270959,0.6207911204452814
2010,Nan,14130,0.14848631350322397,Low,0.0109693334398718,4.651806496286601e-6,0.3417126249406851,0.7325671701175437,0.596,0.298,1.1143880006973745,1.9402493683599502
2010,Ningxiang,40403.58,2.6257522248275107,High,0.014644489147714008,4.3613921594784155e-6,1.1477418362563414,0.2510751548106813,0.264,0.132,0.9921798184842935,0.9887055876124249
2010,Ningyuan,9097,-1.1534436957400578,Low,0.010025110376675648,3.5552400767409852e-6,-0.6128877477849131,0.5399505651513685,0.588,0.294,0.8336690291678126,0.8754281564843125
2010,Pingjiang,12527,3.2461025676871924,Low,0.010328590186928914,4.573433494614205e-6,4.579480794000855,4.661315866543259e-6,0.004,0.002,1.1041698299430838,1.683905179773305
2010,Qidong,14138,-0.8094374580294278,Low,0.010938581972196186,4.2490218765812175e-6,-0.6429055715920595,0.5202853739358492,0.612,0.306,0.8458651429754636,0.8469717731371644
2010,Qiyang,14839,-0.6734264030844972,Low,0.01106310376123756,4.409291441301879e-6,-0.5503536381588856,0.5820768411019352,0.648,0.324,1.0693822442280083,1.718203591997181
2010,Rucheng,7629,-0.33414754936036883,Low,0.009003210067929935,4.996191765698973e-6,0.6114818006331537,0.5408806631737324,0.476,0.238,1.1618563588359554,1.7807005384467445
2010,Sangzhi,9893,-1.3140669004129435,Low,0.010028869141408776,4.647550322677308e-6,-0.7876741793479538,0.43088731257358187,0.432,0.216,1.0626624319598896,1.4895781671346517
2010,Shaodong,18090,-1.264063568823417,High,0.0114081403670819,3.859996053877314e-6,-1.5075916894204833,0.13165906104086533,0.08,0.04,0.5912395228926492,0.30310984039032807
2010,Shaoshan,33571,2.5632601795980707,High,0.015490144941448524,5.467489475967966e-6,1.4949908764306867,0.13491682324586912,0.168,0.084,1.1822257560786826,1.1862581858551833
2010,Shaoyang,7352,-2.1034394497925915,Low,0.009975083455810458,4.251352593689016e-6,-1.532491891259975,0.12540109706145042,0.04,0.02,1.0747405596963804,1.852333272604346
2010,Shimen,20501,-0.09025387759661867,High,0.011963955351735915,5.2630741007057725e-6,-0.35934771118436454,0.7193349862187967,0.888,0.444,0.9689569923917151,0.8319425748172034
2010,Shuangfeng,11320,-0.5639461504460677,Low,0.010492000681709917,5.2006017064228396e-6,-0.18853229876371813,0.8504593987103353,0.96,0.48,0.8831823656269094,0.9471605127862364
2010,Shuangpai,17322,-0.6706007334959523,Low,0.011249304569325776,5.333415511466117e-6,-0.8139661442586567,0.41566434630852994,0.368,0.184,1.3474106593984883,2.3032973954946083
2010,Suining,12280,-2.067245937763306,Low,0.01085604437638383,4.675717936952686e-6,-1.8325111031198864,0.06687530907471662,0.016,0.008,0.9091329271183304,0.86562446107046
2010,Taojiang,13949,1.4577029834325281,Low,0.010871948891387869,4.1283406311353114e-6,1.7933319413597195,0.07291986292969037,0.124,0.062,0.76925462363998,0.34843428305713076
2010,Taoyuan,17401,-0.38248952628230487,High,0.011453510728946525,3.343429424324004e-6,-0.4158559386250713,0.6775154229691103,0.756,0.378,0.6378558421082136,0.05887611831813011
2010,Tongdao,8794,-1.5538342881925244,Low,0.009127098117191569,5.546965952952644e-6,-1.0122261906596721,0.3114299162604802,0.184,0.092,1.3949262031542027,2.3708933141522532
2010,Wangcheng,46470.71,5.192559470954094,High,0.015884294624979176,4.027402266523817e-6,3.719133214972259,1.9990760577310863e-4,0.016,0.008,1.0042924396689008,1.6392884856255767
2010,Wugang,8749,-2.488490513620034,Low,0.009940830640086194,4.2099271801998626e-6,-2.105748757858563,0.03522618206990722,0.004,0.002,0.7616404725497213,0.2461479404798772
2010,Xiangtan,17809,3.8163646908567643,High,0.011372942993035356,3.6136753182006298e-6,3.8717638700514563,1.0805060120129332e-4,0.012,0.006,0.8333851342049102,1.2580958421103325
2010,Xiangxiang,19930,1.259205805406441,High,0.011886706503069014,4.626593810157549e-6,1.2102450222633678,0.22618488680618543,0.228,0.114,1.056414378340475,1.350220699403894
2010,Xiangyin,23468,1.9017464478534636,High,0.012319285027556777,4.485533834042409e-6,1.7780968721310668,0.0753879460882008,0.124,0.062,1.171494080419313,1.8688852369648847
2010,Xinhua,8582,-1.148238441935575,Low,0.00997907177327787,4.580471990755593e-6,-0.5913244177215281,0.5543030719872439,0.628,0.314,1.0904276778507505,1.832731444667461
2010,Xinhuang,10221,-0.990270766293448,Low,0.008233518883950939,5.748788575771943e-6,-0.299043721504988,0.7649066860834233,0.92,0.454,2.3234700926030345,6.9379339709790475
2010,Xinning,7779,-1.9945317923036534,Low,0.009326414644657808,4.528278870132513e-6,-1.571590769495435,0.1160454885351129,0.036,0.018,0.842455432013954,0.6894452750699531
2010,Xinshao,7825,-0.9509499963505711,Low,0.010003965587112636,4.280299044795305e-6,-0.40365125507463934,0.68646918921675,0.804,0.402,0.7680051568388909,0.3389655894427026
2010,Xintian,10379,-0.6029982354439787,Low,0.009956200488527694,5.822920837985072e-6,-0.0909787689892656,0.9275094609748836,0.84,0.42,1.1462466495808206,1.3125987284492648
2010,Xupu,9186,-1.9117145638822508,Low,0.010394532504384239,3.5765172528965046e-6,-1.5480677106100926,0.12160599517439734,0.084,0.042,0.7125783718845989,0.6492861034711455
2010,Yanling,15045,0.40644242766071953,Low,0.011001981249030644,4.5745599514036445e-6,0.6408834799527753,0.52159838982513,0.472,0.236,0.8215215873603692,0.8534958586993042
2010,Yizhang,12483,0.5786570113634772,Low,0.010388371882602847,5.45906644200289e-6,1.085641439868426,0.2776376582999442,0.244,0.122,1.4871471425069416,3.9706244365056884
2010,Yongshun,7057,-2.0158684916580154,Low,0.009479672252522319,4.777425059553261e-6,-1.42783388506831,0.15333967714395094,0.048,0.024,1.107149263912626,1.4008541214237837
2010,Yongxing,26600,1.6796708265358822,High,0.012922982578245498,4.311893926940868e-6,1.2573006478607829,0.2086447894929673,0.24,0.12,0.8259707779919254,0.7426082229405413
2010,You,25129,0.7453809782545364,High,0.01285030615940199,5.268115157846122e-6,0.1585450719533287,0.8740273074744258,0.696,0.348,1.1458214621706488,1.984859599977904
2010,Yuanjiang,18469,0.09246840259039679,High,0.011647083581078898,5.311059236600828e-6,-0.023377229795088116,0.9813493680334199,0.844,0.422,0.9674348085044031,0.7445521008272356
2010,Yuanling,16385,-1.7469504663274171,Low,0.011090483047868121,3.4038243560684574e-6,-1.7820355275316933,0.07474343831290227,0.008,0.004,0.8375077376396766,0.8420784755668387
2010,Yueyang,19809,0.8739301728836649,High,0.011529088943551124,3.405278826139306e-6,0.9344017953264249,0.35009667200431316,0.32,0.16,0.7050133751220915,0.7230754759398996
2010,Zhijiang,14069,-1.1366961048487203,Low,0.010761654688662642,4.623207672743091e-6,-1.0325305349910894,0.30182365081823836,0.228,0.114,1.1392606041173277,1.7106634896471729
2010,Zhongfang,21265,-0.8415958626289899,High,0.012142316438208805,5.41529426861727e-6,-1.2324992913692168,0.21776263117763897,0.124,0.062,1.0439242043575017,1.5787538331322697
2010,Zhuzhou,19542,3.6673099353744196,High,0.011677289720536783,4.637860795996327e-6,3.7846239598595544,1.5394116425425464e-4,0.004,0.002,0.9050917669960106,0.7213516452364579
2010,Zixing,45207,1.1312129954072412,High,0.01530423175425908,3.417310251396773e-6,-0.808461284735669,0.41882508455335643,0.46,0.23,0.8062794271691786,0.854785979163708
2011,Anhua,12374,-0.47164769898039743,Low,0.010273503995714047,3.493016699001116e-6,0.02748306964681093,0.9780744432121121,0.864,0.432,0.6767349607049984,0.1534870149555876
2011,Anren,11395,0.8859509072975016,Low,0.010239498500330312,3.927363105385121e-6,1.495385679524255,0.1348138157454281,0.18,0.09,0.6855717627846559,0.21826464097419151
2011,Anxiang,22840,0.15419240823491895,High,0.011605024308437722,5.107596777238637e-6,0.06571793482375149,0.9476023933553909,0.82,0.41,0.8941739521953561,0.6873418931392719
2011,Baojing,13374,-1.4636460745679196,Low,0.010185400965081663,4.9533648037540704e-6,-1.1335853474008755,0.256968522169814,0.192,0.096,0.8589253769845763,0.7051928223081361
2011,Chaling,17668,-0.39813755900279163,Low,0.01075115619376131,6.090413329809819e-6,-0.24043999313970238,0.8099891773214567,1,0.5,0.9139365722499245,0.5201732115163802
2011,Changning,21594,0.02347607260170667,High,0.011322705239506702,4.974936777753436e-6,0.0449664386972828,0.9641340599221462,0.808,0.404,0.89508363403003,0.47958980676280927
2011,Changsha,80356,5.750870905429889,High,0.01901362261396614,3.7405439208519628e-6,3.034532631269572,0.0024090869277899195,0.02,0.01,0.9173996836571742,1.0100643064365498
2011,Chengbu,9260,-2.084431328939164,Low,0.009490698377927768,6.269267142590332e-6,-1.5397812283560437,0.12361368910558754,0.02,0.01,1.00903946976794,0.863849946128183
2011,Chenxi,14509,-1.0181063086619324,Low,0.010195166701712763,4.129388042077854e-6,-0.6919196721763038,0.48898777585006,0.568,0.284,0.959426104225619,1.232664203097496
2011,Cili,16696,-0.5746842462063881,Low,0.01032581218222925,5.569516050466239e-6,-0.29777626052493705,0.7658739344211596,0.98,0.49,1.1083717937414117,1.1258090125695617
2011,Dao,16127,-1.1557152063521738,Low,0.010500499271842404,6.106853513336206e-6,-0.9359548127141938,0.3492964538175593,0.312,0.156,1.2330602847857122,1.7748362327236995
2011,Dongan,18744,-1.236931412049635,Low,0.010894746694262075,5.704028188862589e-6,-1.2269665712968891,0.21983515547104174,0.116,0.058,1.1111320297853018,1.2843653540768276
2011,Dongkou,11678,-1.9937634877763102,Low,0.009915280375746897,4.590086856066529e-6,-1.677205356788478,0.09350233191052004,0.032,0.016,0.9215253833649432,0.8104089289842484
2011,Fenghuang,11974,-0.9191149384721914,Low,0.009728086961145084,5.350584627090835e-6,-0.3848943680542532,0.7003156787161893,0.892,0.446,0.8379445148131798,0.2941737587893627
2011,Guidong,7601,-0.21011411619951445,Low,0.008359505076896109,5.2472297998632305e-6,1.0336434020136256,0.30130290128901116,0.32,0.16,1.1952009132959112,1.3775284348716132
2011,Guiyang,28690,1.3734351446518047,High,0.011979737893193372,3.712429778681405e-6,1.0822033052562867,0.27916220015043736,0.268,0.134,0.9246310672074259,1.282186098270671
2011,Guzhang,10086,-1.2592152756894945,Low,0.009708748506439746,4.908684632530509e-6,-0.690266361985093,0.4900266974618509,0.556,0.278,1.1006580301316138,1.5731319543484705
2011,Hanshou,18561,-0.33906777335086424,Low,0.011067526184644402,5.431963951267881e-6,-0.2408331173073438,0.8096844610227375,0.968,0.484,0.7521979735482799,0.15969293255202688
2011,Hengdong,24044,0.18827775384039344,High,0.01164918054035168,4.797104149237489e-6,0.0717056070331929,0.942836193884705,0.828,0.414,0.9506117394613527,1.2358562999231513
2011,Hengnan,19335,-0.4593149778633917,Low,0.011100025119948906,3.864689706417087e-6,-0.380488091053575,0.7035831349879524,0.832,0.416,0.6338868708279851,0.050267478917708885
2011,Hengshan,22094,-0.2644579927383007,High,0.011573295279635243,4.6587094521674025e-6,-0.4069676948071873,0.6840317153148163,0.816,0.408,0.7110755207243438,0.25416100562952604
2011,Hengyang,17014,-0.6480417968236156,Low,0.010770230458039567,5.1077710929214475e-6,-0.4625208227890147,0.6437078734304733,0.776,0.388,0.971463839554667,1.1133773950703416
2011,Hongjiang,15117,-1.3487424448502996,Low,0.010499999195987363,4.4854219112050004e-6,-1.0892645516462447,0.276037240048988,0.2,0.1,0.7264535792764433,0.30277024313966017
2011,Huarong,28734.07,0.5190073242933368,High,0.013201983093803856,6.299547123231136e-6,-0.0280128189422098,0.9776519271222656,0.732,0.366,1.4140579982388866,1.6425853672919315
2011,Huayuan,18850,-0.5590214399320527,Low,0.010918531551566087,6.1481981256803374e-6,-0.5033269733459849,0.6147344052337197,0.74,0.37,1.2493447473365062,2.35575946578043
2011,Huitong,12212,-1.2789331657653638,Low,0.009870611395858363,5.141856756099242e-6,-0.8915589773586193,0.372629366497317,0.36,0.18,0.9292447433336172,0.7804871533782056
2011,Jiahe,28612,-0.04077787046183344,High,0.012464411285584526,4.7100959363416555e-6,-0.5547180437451031,0.5790875323591465,0.684,0.342,0.9601052816314803,1.1485367519552696
2011,Jianghua,13981,-1.2996296820890565,Low,0.010105917913841652,4.820525812990707e-6,-1.0538735011572242,0.29194083642272733,0.224,0.112,1.065233306407178,1.7820638125316703
2011,Jiangyong,15298,-0.9823989591263311,Low,0.009685578919306189,5.371824726193814e-6,-0.7199139617293288,0.4715779711794247,0.496,0.248,1.2108983385796308,1.3273069421829087
2011,Jingzhou,17550,-1.2190569800583624,Low,0.010540553987633906,5.463890655477786e-6,-1.2274361301170797,0.21965871374675572,0.084,0.042,1.078337761667131,0.823842923931827
2011,Jinshi,30286,0.6382818959101796,High,0.012879697532834274,4.738349602776259e-6,0.1093499084557027,0.9129249626707615,0.768,0.384,0.7748934866767149,0.2423887559042126
2011,Jishou,28482,-0.6593526395644789,High,0.012517333639561697,5.562865330618605e-6,-1.1960707161711652,0.23166896412467886,0.132,0.066,0.9689650109933833,1.2130811744642118
2011,Lanshan,17893,-0.5812747455413301,Low,0.010983452624956579,6.6684150999622474e-6,-0.4713746325364365,0.6373732279547109,0.78,0.39,1.0626826596391963,1.1080658686246316
2011,Leiyang,25415,0.42436934578913565,High,0.012023799215099265,5.6068267380359985e-6,0.1743974485338136,0.8615531193707301,0.752,0.376,0.970332030029053,1.3533121305158797
2011,Lengshuijiang,55692,1.4202828540675687,High,0.018400349961307357,4.844057310719841e-6,-1.2426801177719298,0.21398573335166204,0.096,0.048,1.2281131068618063,1.7312352812667129
2011,Li,21847,0.4912917768806121,High,0.01141389978477682,5.7401356642537805e-6,0.5425520625526777,0.5874382523012127,0.476,0.238,1.0260789349906136,0.695351600709369
2011,Lianyuan,15624,0.5856316435312099,Low,0.010636041940013238,3.6528232341144767e-6,1.0168524247863897,0.30922363845737244,0.312,0.156,0.7629355101617108,0.43099894329513466
2011,Liling,35669,2.5843091279708297,High,0.01421516564638848,5.402518014347364e-6,2.1406921817575295,0.03229886941512382,0.084,0.042,1.2341656971254882,1.741488957681117
2011,Linli,23172,0.4606314578066593,High,0.011700424446209683,5.401670068608566e-6,0.3997566048576538,0.689335795831012,0.568,0.284,1.0681370969840682,1.3075731158902233
2011,Linwu,21323,0.1472682594134151,Low,0.011121673433550108,4.9518006457979985e-6,0.2906070641318124,0.771351856757277,0.644,0.322,0.9601923507868753,0.6886059032786855
2011,Linxiang,28255.98,0.6733232444074803,High,0.013772953973805565,5.181234524146463e-6,0.11201325817403011,0.910812894227581,0.584,0.296,2.056208737208671,4.568871987719649
2011,Liuyang,54768.72,4.347026176485206,High,0.017040229463003632,4.755012582274127e-6,2.8752033674472304,0.004037673401741913,0.028,0.014,0.9742630810520813,0.9647910473597952
2011,Longhui,8509,-2.5518244502549026,Low,0.009540606624389554,4.589621021929947e-6,-1.9491294824134835,0.05127996362319335,0.004,0.002,0.9027115484396651,0.7827350966010056
2011,Longshan,8701,-1.9322204799971756,Low,0.008635442016953645,5.184545020863983e-6,-1.3720071328837546,0.1700612173243081,0.044,0.022,1.1035156809537416,0.9343687051994616
2011,Luxi,17236,-1.1306488939861339,Low,0.010824322269510056,4.658388689341782e-6,-0.9815785919080144,0.32630749847543977,0.28,0.14,0.8954984591931421,1.0301843547873997
2011,Mayang,11862,-1.1706982319707484,Low,0.009773605416922094,4.702041940070352e-6,-0.6319556170155866,0.52741587928298606,0.588,0.294,0.8262485139349258,0.335528088185864
2011,Miluo,37507.74,4.000785896622046,High,0.013694344776290862,4.411162695786687e-6,3.7072184488147215,2.0954817995998457e-4,0.008,0.004,0.8192067910625238,0.36568400883437713
2011,Nan,18812,0.06396471075141398,Low,0.011137717982211009,4.719882352341857e-6,0.17320095095841564,0.8624934761818386,0.748,0.374,1.0204488782805865,1.5419603116927307
2011,Ningxiang,54648.25,3.111843958659991,High,0.015181273440203905,4.399858877500185e-6,1.4473596462672484,0.14779622164668113,0.204,0.102,0.9044256113293551,0.6702672501670057
2011,Ningyuan,11221,-1.1419520793026703,Low,0.010039278928974653,3.7478453382484926e-6,-0.6150534603907388,0.5385194155623183,0.604,0.302,0.7096381209777758,0.4438802428947337
2011,Pingjiang,15105.53,3.1053957071979994,Low,0.010240998881047755,4.620479825997018e-6,4.492477482002237,7.039936417779487e-6,0.004,0.002,0.9597110886639358,1.05173665724568
2011,Qidong,16139,-0.9265592061148713,Low,0.01077012890077558,4.287607769470589e-6,-0.6988939482509079,0.4846183097897714,0.58,0.29,0.7040218820039944,0.29253579984076117
2011,Qiyang,18597,-0.7174026521953176,Low,0.011093103356063021,4.493781241531624e-6,-0.6177268810951327,0.5367553892803922,0.592,0.296,1.015828500342285,1.6387521496097248
2011,Rucheng,10056,-0.19909084942292174,Low,0.009158855722487681,5.446721099629628e-6,0.6863360729964587,0.49250120643792106,0.452,0.226,1.1419939951361122,1.703135069681876
2011,Sangzhi,12722,-1.3247532778696194,Low,0.010077958081897122,4.79890947537724e-6,-0.834686754178948,0.4038941015069633,0.396,0.198,1.0040012432424301,1.3119832199345192
2011,Shaodong,22479,-1.254134114181764,High,0.01142460034959454,4.063052877176415e-6,-1.4928463934581537,0.13547740001766584,0.076,0.038,0.5788505368270358,0.2271388546757822
2011,Shaoshan,45806,3.023967588467006,High,0.01638428579449745,5.588072501854976e-6,1.7505617144751824,0.08002143491875217,0.14,0.07,1.0970897042495722,0.7204115307980432
2011,Shaoyang,8792,-2.127530382118551,Low,0.00993404532079792,4.359284344629905e-6,-1.5595314691219413,0.11887064234112535,0.036,0.018,1.0329512350336818,1.820054112236594
2011,Shimen,24409,-0.20187530876048196,High,0.011828995134563827,5.399738354446908e-6,-0.4199475233109592,0.6745237896703251,0.848,0.424,0.8851189632482891,0.5116932703802441
2011,Shuangfeng,14788,-0.48650886115947506,Low,0.010607422403471803,5.473623764678165e-6,-0.16560758943478848,0.868465774267511,0.996,0.498,0.8345844275140709,0.691868042866421
2011,Shuangpai,20239,-0.7371727798942673,Low,0.010992109042973144,5.566790627340591e-6,-0.7888343723163379,0.43020881707373165,0.376,0.188,1.2856901987040614,1.82478323609294
2011,Suining,14294,-2.0639945482061894,Low,0.010746634997006432,4.709000441399143e-6,-1.8104815949862125,0.07022113599187009,0.016,0.008,0.8395934706398889,0.5907690925502931
2011,Taojiang,16987,1.6102147670562479,Low,0.01083947833179491,4.234491529260683e-6,1.97811021256081,0.04791627472436289,0.08,0.04,0.684569488271673,0.05640031781525501
2011,Taoyuan,20558,-0.48283876953566973,Low,0.011392246323525751,3.47347170919143e-6,-0.47793172893487434,0.6326987975288488,0.692,0.346,0.5564814914656098,-0.11085614626197726
2011,Tongdao,11003,-1.5504177747129695,Low,0.009142835732719096,5.826223757415193e-6,-1.025379143123411,0.3051843254823179,0.168,0.084,1.298070284941118,1.7934782842850163
2011,Wangcheng,62293,5.423026072918331,High,0.016514014722718722,4.11418534474641e-6,3.7458395913612788,1.7979145211646064e-4,0.012,0.006,0.8979654676577308,1.1608489312133896
2011,Wugang,10746,-2.489407671529996,Low,0.009919750415815946,4.358924517015441e-6,-2.111364682206921,0.0347409783082391,0.004,0.002,0.7183569039742975,0.07219215197073092
2011,Xiangtan,22347,3.951247152413528,High,0.01141635180526002,3.863933396690306e-6,3.926636957351223,8.614185099446707e-5,0.016,0.008,0.8059391130129129,1.0822952059693742
2011,Xiangxiang,25635,1.6087623081232836,High,0.012020526946861511,4.779642261576102e-6,1.560318361406658,0.11868466642455178,0.18,0.09,0.9786193308401946,1.0092075560359008
2011,Xiangyin,28712.92,2.0796631322159715,High,0.012259321665001278,4.706015415895306e-6,2.0113138354742714,0.044292318027941195,0.088,0.044,1.1700511027119063,1.871299692072923
2011,Xinhua,11135,-1.0040456438902048,Low,0.01003696658857931,4.791259246759855e-6,-0.472202285745637,0.6367824083772813,0.76,0.38,1.021038648808447,1.3877740803558876
2011,Xinhuang,13002,-0.9241751481859463,Low,0.008373773776216014,5.8564698467689025e-6,-0.27562811589601777,0.7828337124959681,0.996,0.492,2.0859178364983126,4.742495608767079
2011,Xinning,9442,-2.0068674496517653,Low,0.009315757108746017,4.842162745607873e-6,-1.5756861162635212,0.11509815865180018,0.024,0.012,0.7930928389457436,0.5016120800799158
2011,Xinshao,10127,-0.831570836792578,Low,0.010062092109196412,4.484820110367883e-6,-0.30847967924043107,0.7577173604363504,0.896,0.448,0.7407572122733196,0.27450637922389465
2011,Xintian,12860,-0.5198579935405279,Low,0.009954741419248157,6.0693552087179765e-6,-0.008016825024421293,0.9936035676023306,0.78,0.39,1.0804121005578802,1.0733858427778742
2011,Xupu,11749,-1.8242060563771938,Low,0.010419812258390043,3.6282731295557306e-6,-1.4927922684710837,0.1354915717573354,0.096,0.048,0.5945846717818523,0.2699738230742259
2011,Yanling,17961,0.39616684871758684,Low,0.010922512039897983,4.7245678754721795e-06,0.6638375121095597,0.506794313911658,0.488,0.244,0.6940435059128373,0.4147943416924891
2011,Yizhang,15822,0.6715052510613702,Low,0.010458061121630212,5.519789347112171e-6,1.1709125768596924,0.2416339192341251,0.264,0.132,1.2507797300319434,2.614566049839464
2011,Yongshun,8667,-2.026621635158083,Low,0.009468742964934183,4.919357173638288e-6,-1.4562368014204057,0.14532716937043938,0.048,0.024,0.9985836715918632,0.9587820750673957
2011,Yongxing,32953,1.7041658345925694,High,0.01293181576780481,4.548019214405763e-6,1.2853694722798576,0.1986632037594313,0.232,0.116,0.7647575793729021,0.41076226322794973
2011,You,31450,0.7514884679068607,High,0.012899698940989789,5.382891170348457e-6,0.15699552430340305,0.8752483754503229,0.736,0.368,1.0360205993674785,1.4989435935275335
2011,Yuanjiang,22897,0.04300533189660733,High,0.011643525676955863,5.448890741358262e-6,-0.0733160360372009,0.9415546311293459,0.892,0.446,0.9066004552630921,0.5310868279156091
2011,Yuanling,20453,-1.6870837321361016,Low,0.011122640357205399,3.5875020984664e-6,-1.722015463750148,0.08506671728308812,0.016,0.008,0.7750117763883759,0.5321289715299815
2011,Yueyang,23151.46,0.8722500538047184,High,0.011404233014305664,3.7423434265489624e-6,0.9720616479161083,0.3310198803643721,0.308,0.154,0.7246675408426647,0.6607463681939927
2011,Zhijiang,17762,-1.0957303244112444,Low,0.010803975306639154,4.7429294020902815e-6,-1.015297131811513,0.30996421121841433,0.26,0.13,1.0080956737170574,1.0349238140908836
2011,Zhongfang,26145,-0.814391763677388,High,0.012111184943036013,5.548142783917853e-6,-1.1916717012271858,0.23338999834035987,0.156,0.078,0.9154025550844824,0.8561212779134126
2011,Zhuzhou,24082,3.50315702794964,High,0.011675388725256702,4.834575513676401e-6,3.6035338145027804,3.1391988592873767e-4,0.008,0.004,0.8232689314136159,0.47382094160561516
2011,Zixing,58313,1.2660400354136263,High,0.015570320135015605,3.490339083892027e-6,-0.7591769766344957,0.4477466966575303,0.54,0.27,0.6175469765012729,0.07928828668030041
2012,Anhua,14567,-0.3781821046719227,Low,0.010327206926969477,3.550676175479039e-6,0.10747629787784684,0.9144111279463727,0.812,0.406,0.6581952810243554,0.08871131031429913
2012,Anren,12761,0.8444061194492194,Low,0.010226411250614135,3.949464212545603e-6,1.4554308692486482,0.14555001564553838,0.196,0.098,0.665157227940589,0.13774004914283866
2012,Anxiang,23667,0.019357981347106697,Low,0.011315406382863635,5.134012866572815e-6,0.042915439646792695,0.9657689410311368,0.832,0.416,0.8681985916700483,0.600879050284854
2012,Baojing,14563,-1.5477880151814378,Low,0.010101149175056596,4.985850654133149e-6,-1.1895323762419534,0.23423023849592187,0.156,0.078,0.8434238263248647,0.651581428851868
2012,Chaling,20078,-0.36306587641068166,Low,0.010754252368505383,6.107827681379767e-6,-0.19889904245643963,0.8423417185595077,0.94,0.47,0.8854476731369435,0.4055294390340798
2012,Changning,24418,-0.06541375316923352,High,0.011320169829035399,4.98860137813181e-6,-0.05468685322821579,0.9563879432931414,0.856,0.428,0.8581645628295737,0.338987147470569
2012,Changsha,88656,5.694247583011458,High,0.018729226084004177,3.845218966372084e-6,3.0782300336802066,0.002082341074904876,0.016,0.008,0.921490523501833,1.0035532043885018
2012,Chengbu,10132,-2.1004879906506617,Low,0.00943573121928502,6.269361107210461e-6,-1.538186949032629,0.12400291109896906,0.02,0.01,0.9982900579054399,0.8368514241755203
2012,Chenxi,17026,-0.9632722369647498,Low,0.010265468273667209,4.128116360398684e-6,-0.6598099194197433,0.5093758169496531,0.612,0.306,0.939314981855175,1.1477747991535745
2012,Cili,18714,-0.6128681766824818,Low,0.010292214615278161,5.620562799255256e-6,-0.33196359359085664,0.7399167497001239,0.948,0.474,1.0870679033003077,0.9993739760534206
2012,Dao,18059,-1.2044557507889104,Low,0.01046140195568969,6.098260799398286e-6,-0.9766197295677601,0.32875744787043093,0.288,0.144,1.2192210188449342,1.7262116035059885
2012,Dongan,20901,-1.2862516931081964,Low,0.01084150197724882,5.74950770533607e-6,-1.2581814219426277,0.2083261521596127,0.084,0.042,1.0917955246883315,1.1893787858146343
2012,Dongkou,13240,-1.9706666707483715,Low,0.009917199562542911,4.614865162589956e-6,-1.6491662539216048,0.09911357935561364,0.036,0.018,0.8942051859444248,0.7301732688600748
2012,Fenghuang,13382,-1.0316124630190535,Low,0.009700436184459116,5.4004987964679345e-6,-0.5057016488156407,0.6130661106272053,0.748,0.374,0.8121834798508386,0.20588560861401017
2012,Guidong,8497,-0.21550009662140243,Low,0.008329931367041453,5.272566638920264e-6,1.036593333901272,0.29992542129769434,0.32,0.16,1.1883721945973735,1.3400446866069746
2012,Guiyang,32853,1.2917035262229184,High,0.012000084719279441,3.7386542670051158e-6,0.9863075648160512,0.3239822087097231,0.308,0.154,0.913522236010226,1.2547531367603746
2012,Guzhang,11580,-1.3220425408955665,Low,0.009721549524832783,4.935002967641427e-6,-0.7674953274828841,0.4427870702169416,0.5,0.25,1.0930729575867466,1.6104763344511648
2012,Hanshou,20981,-0.40060426969867613,Low,0.011052266168372727,5.47251264942591e-6,-0.3004503140014075,0.7638336902877768,0.904,0.452,0.7331516952231272,0.08746173318118577
2012,Hengdong,27485,0.2593820149249992,High,0.01167998218715446,4.857384147381673e-6,0.1334540446396151,0.8938343061615521,0.776,0.388,0.9385213218041013,1.1564894486129793
2012,Hengnan,21911,-0.5278518829435408,Low,0.011099932690005504,3.873884649388113e-6,-0.4573854148080025,0.6473940458553745,0.768,0.384,0.6017508894217245,-0.04420427227016166
2012,Hengshan,25172,-0.18120289483332022,High,0.011585399317568738,4.698442803088179e-6,-0.3139531744845381,0.7535566032050807,0.9,0.45,0.6695505132266794,0.08746374252296452
2012,Hengyang,19382,-0.6301715476029858,Low,0.010773898418726396,5.126358513485769e-6,-0.44418168533943,0.6569112324566246,0.772,0.386,0.9330028697575669,0.9467764931233016
2012,Hongjiang,17733,-1.2588251412467455,Low,0.010565970128511869,4.512966473456738e-6,-1.0191499921099925,0.3081317635654254,0.256,0.128,0.7113837522556958,0.2313509729016725
2012,Huarong,30413,0.3712822487726757,High,0.012689991138088379,6.253564777886003e-6,-0.0240118283374801,0.9808431737790742,0.708,0.354,1.3700449455389534,1.4018358925789727
2012,Huayuan,20337,-0.6715873797953026,Low,0.010730106556546127,6.1175537250657995e-6,-0.5672261106614598,0.5705605704410742,0.688,0.344,1.1824048843222388,1.9875472295010566
2012,Huitong,14334,-1.215455894755987,Low,0.009950450001006897,5.158888431427354e-6,-0.8501858468324478,0.3952217691855708,0.388,0.194,0.9183922485342628,0.7465715996472251
2012,Jiahe,32091,-0.06835643160498993,High,0.012420702594535017,4.739400026815415e-6,-0.5650517679382893,0.5720385533914196,0.704,0.352,0.9303872969544832,1.0359790133254352
2012,Jianghua,15801,-1.3204367558981878,Low,0.010093320755999648,4.834500215061848e-6,-1.0745925964205776,0.28255716797359365,0.224,0.112,1.0418944773348884,1.6424566930573183
2012,Jiangyong,17168,-1.0042394773820362,Low,0.009642089211480291,5.418906877520986e-6,-0.7318097911283654,0.4642846720883264,0.496,0.248,1.1575858652444615,1.0002127143892112
2012,Jingzhou,20348,-1.1714376673812157,Low,0.01060904648258427,5.437028968072722e-6,-1.1997979093302258,0.23021783634029527,0.1,0.05,1.058661292429086,0.7311743276846503
2012,Jinshi,34592,0.54515945542061806,High,0.01291273128294964,4.7737250347592106e-6,-0.022487417599949218,0.9820591487641701,0.852,0.426,0.7449197746302085,0.1476229860979692
2012,Jishou,31537,-0.79940183157357525,High,0.012406026580803777,5.5669428516198576e-6,-1.299575927760088,0.19374635456358288,0.092,0.046,0.9525120732415797,1.1327449546987935
2012,Lanshan,20088,-0.6114351689740857,Low,0.010943809643115617,6.68460762991699e-6,-0.48830292175088386,0.6253352922658382,0.768,0.384,1.0279800461513922,0.9429032075276775
2012,Leiyang,26105,0.28823313741361467,High,0.011670595348689168,5.599424106391997e-6,0.17866307667830936,0.858202263171569,0.74,0.37,0.915690906173167,1.1457798509627262
2012,Lengshuijiang,64257,1.5278030229911792,High,0.01859266265465456,4.861718007195527e-6,-1.1774475935194713,0.239016903119022,0.124,0.062,1.1988684655763646,1.571902565839033
2012,Li,24473,0.3798470354436052,High,0.011367487062712374,5.752035209554485e-6,0.4341619160138053,0.6641708664233383,0.552,0.276,1.0132779043072575,0.6321815212464528
2012,Lianyuan,18346,0.6931764091770963,Low,0.010688395350836046,3.618337751113968e-6,1.1124444359643506,0.2659471079181679,0.288,0.144,0.7261476232802925,0.30951460640016215
2012,Liling,41491,2.700375143310529,High,0.014408706890309247,5.4246855004685365e-6,2.208332455066397,0.027221106500925914,0.068,0.034,1.226183322828534,1.7027108320024826
2012,Linli,25554,0.3881112461675884,High,0.011585723388105193,5.42555987221609e-6,0.36310309772250654,0.7165278706743456,0.588,0.294,1.0487167792166006,1.2458653074487946
2012,Linwu,23986,0.12379753048688945,Low,0.011107656140286179,4.978234441690556e-6,0.26738989348275843,0.7891689800824444,0.664,0.332,0.9242060175023311,0.5671404047817235
2012,Linxiang,31897,0.6636642865646729,High,0.013720688211539447,5.217099025938179e-6,0.11914702048385076,0.9051588790742158,0.552,0.28,2.023268760406003,4.179192157846764
2012,Liuyang,63118,4.36607356513328,High,0.017183614126496504,4.731582146930384e-6,2.8470330112439006,0.004412878607828285,0.032,0.016,0.9503648427972085,0.8572877040854969
2012,Longhui,9572,-2.5302503715427447,Low,0.00953022275839262,4.5870985532187825e-6,-1.924446705648977,0.05429861486977313,0.004,0.002,0.9099445769031369,0.7952603383767523
2012,Longshan,9754,-1.9574826483815502,Low,0.008618071938434637,5.199384145574778e-6,-1.3990832261037343,0.16178802714748275,0.04,0.02,1.0764688234587065,0.8234952074021349
2012,Luxi,17472,-1.2076090506075359,Low,0.010581818942423195,4.676672989132355e-6,-0.9527426414975986,0.3407204824631903,0.324,0.162,0.8886618157973069,1.0486918209729152
2012,Mayang,13744,-1.1587238877110952,Low,0.009814069852499475,4.70794351127332e-6,-0.6378623219442354,0.523563306370184,0.628,0.314,0.7903428738419421,0.23454094564858785
2012,Miluo,42497,3.96939249097164,High,0.013688861728932189,4.4135233859709545e-6,3.6767423938287345,0.00023623138214165704,0.008,0.004,0.7963499173073101,0.3017405552029202
2012,Nan,21311.46,-0.05088412242254697,Low,0.011139291278068411,4.732126784613475e-6,0.048077966980019315,0.9616541056983029,0.828,0.414,1.000864358780726,1.4402505235042788
2012,Ningxiang,62202,3.2810433663556657,High,0.01521580786205901,4.397185914980979e-6,1.6131468419725772,0.10671260917009855,0.148,0.074,0.8697357008892579,0.5702450910421368
2012,Ningyuan,12697,-1.2014010795015166,Low,0.01004212784676761,3.768864499656603e-6,-0.6838709686577374,0.494056647630556,0.564,0.282,0.6665580626343584,0.3359280958368607
2012,Pingjiang,17252,3.066110397701014,Low,0.010247262395915757,4.61599853813001e-6,4.446165326492131,8.741668242051278e-6,0.004,0.002,0.92603978277309,0.8934811673595311
2012,Qidong,18001,-0.9735294873124662,Low,0.010734836205584642,4.270036296998782e-6,-0.7345495526111836,0.46261387108584423,0.564,0.282,0.6663371306155853,0.15101643207096016
2012,Qiyang,20638,-0.7773093343597249,Low,0.01104197056709069,4.448133381903889e-6,-0.6601698760215675,0.5091448213213017,0.576,0.288,0.9839478587312765,1.557119377248867
2012,Rucheng,11286,-0.2283372445822593,Low,0.0091338477124172,5.514023354972758e-6,0.6547110802565,0.5126537899658661,0.488,0.244,1.1297996408402997,1.6618766443966742
2012,Sangzhi,14624,-1.328564096149,Low,0.010097518666494686,4.771577992423163e-6,-0.851833238722779,0.39430665519350544,0.38,0.19,0.968171132452147,1.1509131916558504
2012,Shaodong,25246,-1.2388679296842913,High,0.011387717614151978,4.07507178494263e-6,-1.456314057048246,0.1453058213428643,0.084,0.042,0.5878557436825018,0.28077444743134095
2012,Shaoshan,55570,3.3087576818382356,High,0.017041082791288166,5.531028588334211e-6,1.8521325360665186,0.06400679344045065,0.128,0.064,1.070742822761102,0.6256063299886505
2012,Shaoyang,9653,-2.1646700475123763,Low,0.009897566541339173,4.347327315252983e-6,-1.586134443411437,0.11270881502618782,0.036,0.018,1.0077339091094157,1.6946425501015598
2012,Shimen,27137,-0.2710334088677007,High,0.011750258614759335,5.429099329131969e-6,-0.4604242806947643,0.6452117097822951,0.816,0.408,0.878106545745425,0.47315719846717563
2012,Shuangfeng,17755,-0.3749457131752964,Low,0.010712974919041465,5.463832353135139e-6,-0.09916488116400193,0.9210073581528353,0.932,0.466,0.8197392759578614,0.6113072359673626
2012,Shuangpai,21942,-0.8213950538456884,Low,0.010810564688412077,5.624068114147893e-6,-0.8170683143189924,0.4138893892620353,0.356,0.178,1.2660548746681124,1.6987154826249622
2012,Suining,16069,-2.037172700729499,Low,0.01073498564917649,4.66560156396975e-6,-1.788615767713806,0.0736767167274266,0.016,0.008,0.8179120790099627,0.5223854420369527
2012,Taojiang,19509,1.6637697895435708,Low,0.01086188300571975,4.206978610209584e-6,2.0332796994632125,0.042024272944194314,0.064,0.032,0.6742876455344673,0.03888253581317702
2012,Taoyuan,22879,-0.5340451469655788,Low,0.011369687451746895,3.4830672754634826e-6,-0.5147845859403628,0.606703557718266,0.66,0.33,0.5560129270163398,-0.0893075000403094
2012,Tongdao,12781,-1.5328740175040103,Low,0.00919128119332263,5.868722356157615e-6,-1.0220072644886073,0.30677746216570656,0.172,0.086,1.2687824214809258,1.643506377766517
2012,Wangcheng,70666,5.440640142400598,High,0.016507738284822073,4.099292841826912e-6,3.7837154587031243,1.5450445186456911e-4,0.012,0.006,0.8522404300731533,0.9475386105217685
2012,Wugang,12112,-2.5129887436981444,Low,0.009910531126483687,4.361915228475639e-6,-2.1361387737512714,0.03266810415754042,0.004,0.002,0.6959423778213418,0.005013494938804097
2012,Xiangtan,27060,4.087045014487578,High,0.011557506027609772,3.880224977607718e-6,3.987177525258619,6.686399481146331e-5,0.012,0.006,0.7837182838094041,0.9452815465330113
2012,Xiangxiang,29361,1.8082053712255253,High,0.012059440934353377,4.771577696496376e-6,1.7771978722557087,0.0755356894203497,0.14,0.07,0.9439292410555736,0.8761735261958545
2012,Xiangyin,33983,2.1655568837676724,High,0.012437863240729284,4.722352700724562e-6,2.028624710032924,0.04249652976936173,0.08,0.04,1.1603994879880062,1.8123044506156134
2012,Xinhua,13398,-0.8982846364524291,Low,0.01011784730526037,4.8275510947680505e-6,-0.39522635942393247,0.6926758409173628,0.828,0.414,1.0091053882013898,1.3102870085569132
2012,Xinhuang,15412,-0.8569261192746593,Low,0.008582040476930649,5.869832952205929e-6,-0.25311154183972506,0.8001820201254701,0.972,0.492,2.018239397157062,4.204959579698087
2012,Xinning,10732,-2.0355025247528564,Low,0.009322241931060803,4.8814542918461335e-6,-1.610901250720211,0.10720124737571778,0.016,0.008,0.7975838192282597,0.5651688817546976
2012,Xinshao,11514,-0.784897009421635,Low,0.010061566547948517,4.554527998181341e-6,-0.25548233883831856,0.7983505826828057,0.948,0.474,0.7342052798578856,0.23772673049840876
2012,Xintian,14426,-0.5443060852775693,Low,0.009927878706028322,6.087283796096006e-6,-0.02507125122325843,0.9799981311721409,0.788,0.394,1.0602828040858827,0.9895812492661444
2012,Xupu,13863,-1.6967951193272492,Low,0.01045758680131898,3.6266383113925264e-6,-1.3762659750380375,0.1687393028928613,0.128,0.064,0.5808927345731411,0.22763761112294656
2012,Yanling,21021,0.41778981033070334,Low,0.011010896761390752,4.759101270899215e-6,0.646551019521054,0.5179225670215083,0.496,0.248,0.6750375655321421,0.338526862297579
2012,Yizhang,17814,0.6495762066157895,Low,0.010445378530163718,5.4960938930951425e-6,1.1540451886054077,0.2484816430306069,0.268,0.134,1.2087108217060638,2.4201540564493857
2012,Yongshun,9590,-2.0214804215943767,Low,0.009434404699342019,4.8886253582476665e-6,-1.4421512246055974,0.14925971693561674,0.044,0.022,0.9626765335513671,0.843899161096862
2012,Yongxing,37651,1.653005357653989,High,0.012962943421564975,4.569376510610977e-6,1.2096089013570652,0.2264290008913675,0.252,0.126,0.740982449991987,0.3083683359614473
2012,You,36264,0.8170744905823778,High,0.012973379804639302,5.371960012896498e-6,0.19798365984130004,0.8430578482377235,0.724,0.362,1.006311676218917,1.337932655072371
2012,Yuanjiang,26258,0.10054437747645292,High,0.011676022113041857,5.452019550736281e-6,-0.02476858927283043,0.9802395454975292,0.848,0.424,0.912198464350934,0.5858640629365137
2012,Yuanling,24194,-1.6590044925713519,Low,0.011207431331051773,3.6032819829122417e-6,-1.734360314023817,0.08285417199581543,0.012,0.006,0.747864363497497,0.41537303507251355
2012,Yueyang,26360,0.8608100821142597,High,0.011416327198050105,3.8004293077692992e-6,0.9466351180607021,0.34382474249593237,0.32,0.16,0.7182037777180424,0.6261238677721717
2012,Zhijiang,20518,-0.9912802299336438,Low,0.01085077693430931,4.7521612050484365e-6,-0.9159881482603193,0.3596731111180024,0.348,0.174,0.9707506388363583,0.864952038424303
2012,Zhongfang,30846,-0.6898921555000752,High,0.012268736217724677,5.570043439170816e-6,-1.1235684726549937,0.26119613721953827,0.184,0.092,0.8977904619235803,0.7470426870524736
2012,Zhuzhou,27589,3.5614720692950557,High,0.011710647705201997,4.866368076618672e-6,3.6424243885573357,2.700823230038677e-4,0.008,0.004,0.813274118100504,0.4476755712027649
2012,Zixing,65706,1.258823763020628,High,0.015525948362420926,3.4993313097805867e-6,-0.7412110980072611,0.4585654553958846,0.576,0.288,0.5789117260699407,-0.06761970828288977
2013,Anhua,16071,-0.337881607995953,Low,0.010328717329132722,3.643937395765129e-6,0.14865359341325382,0.8818269813521341,0.804,0.402,0.6347547997607527,0.0592449579083123
2013,Anren,15490,0.9157450688125729,Low,0.010335374061301366,4.011076753450504e-6,1.47163538812896,0.1411193639703947,0.192,0.096,0.6636804638957229,0.11351232782373533
2013,Anxiang,24012,-0.04204984059361024,Low,0.011063437875742876,5.225828188307021e-6,0.08436828120650583,0.9327636252785652,0.808,0.404,0.8540944389537612,0.5606013787464743
2013,Baojing,12695,-1.7605637529034959,Low,0.009708584103201367,5.054398705692558e-6,-1.2626897023718453,0.20670071623033068,0.124,0.062,0.8175348908764334,0.5406243362730176
2013,Chaling,22363,-0.26878693401735126,Low,0.010784869965495313,6.2213293148148545e-6,-0.09741249317315116,0.922398823796573,0.848,0.424,0.8624824112235153,0.305967324033531
2013,Changning,27057,-0.10015985006171806,High,0.011331174155327618,5.080031557048782e-6,-0.09902659215218165,0.9211171563871253,0.896,0.448,0.8609783052524769,0.3491636557213815
2013,Changsha,97249,5.708505423705478,High,0.01865924363007612,3.9779415326615894e-6,3.1335793533658824,0.0017268821806850595,0.016,0.008,0.9055963568413373,0.9363350056092736
2013,Chengbu,10595,-2.1364674920438183,Low,0.00935123462012718,6.353474244512915e-6,-1.5528415225229428,0.12046100008262627,0.02,0.01,1.009639790363342,0.8444645413091365
2013,Chenxi,18986,-1.0007234951709594,Low,0.010274882491952473,4.184134447674668e-6,-0.7164881392187084,0.47368998862938283,0.56,0.28,0.9344082368130732,1.158320582296973
2013,Cili,20303,-0.6289400178998114,Low,0.010238660763935228,5.767323999546771e-6,-0.3322167046893083,0.7397256308993905,0.976,0.488,1.0828366447347817,0.9895035940074055
2013,Dao,20073,-1.2478518289948988,Low,0.01047515896274589,6.22825840476395e-6,-1.0310082505225233,0.3025369507824247,0.224,0.112,1.216002581259472,1.729658091104481
2013,Dongan,23002,-1.2864861918489021,Low,0.010833361317617422,5.87184965197173e-6,-1.2538871274776773,0.2098830344886814,0.076,0.038,1.0812043580251685,1.138063740656932
2013,Dongkou,14480,-1.9868248855483934,Low,0.009899087944746712,4.711939866118468e-6,-1.6615890792843895,0.09659519450514807,0.032,0.016,0.8906836748162731,0.716863740548229
2013,Fenghuang,15368,-1.1365058736659968,Low,0.009784417291850998,5.568977893595998e-6,-0.6667410061909671,0.5049375810452559,0.616,0.308,0.7993237228420242,0.1749304875473925
2013,Guidong,9434,-0.1891480316571192,Low,0.008346663294889417,5.339960002779413e-6,1.0553359414238608,0.2912717087833572,0.312,0.156,1.1976182813466851,1.3713780782763259
2013,Guiyang,36372,1.3561220318998486,High,0.012006714968265822,3.826673265330416e-6,1.0475447453634747,0.2948484063326733,0.268,0.134,0.9056821996198967,1.2279254485438198
2013,Guzhang,13345,-1.447373442133823,Low,0.009778754909933868,5.056317492447274e-6,-0.938142735492486,0.34817106227699746,0.324,0.162,1.0587125978290621,1.5527571437369545
2013,Hanshou,24034,-0.40533173420023894,Low,0.011153644886622,5.5731940219923445e-6,-0.34930075049974824,0.7268635350771411,0.868,0.434,0.7244492282422174,0.05322503412784929
2013,Hengdong,30326,0.3108209743139905,High,0.011678251201831726,4.961719464605908e-6,0.1898631456224385,0.8494163726489629,0.732,0.366,0.9325704761324408,1.1195498753679338
2013,Hengnan,23818,-0.5414726618289937,Low,0.011065252914961942,3.9306810042019035e-6,-0.45666292384801355,0.64791334390354,0.764,0.382,0.6003458962050972,-0.03215130719985737
2013,Hengshan,27622,-0.17767916869876035,High,0.011565797238516414,4.766416579052446e-6,-0.30033084774708296,0.7639248055513036,0.908,0.454,0.6528310827757596,0.011460186248630322
2013,Hengyang,21419,-0.6375359359952849,Low,0.010778880565279555,5.192266841944699e-6,-0.4575293738602018,0.6472905942510516,0.76,0.38,0.9361713460606337,0.9924930442669546
2013,Hongjiang,19786,-1.2324432527241342,Low,0.010592637820540094,4.517391154720007e-6,-1.0131721782759004,0.31097792705064736,0.276,0.138,0.7059461596568131,0.22955476686137777
2013,Huarong,33611,0.3676668751047016,High,0.012694962422938081,6.331998501867001e-6,-0.026653147544368937,0.9787363826851713,0.716,0.358,1.3525081671679373,1.2793522485240576
2013,Huayuan,19980,-0.9072488992528401,Low,0.01031460141455196,6.207408712069483e-6,-0.6922092000904841,0.48880596192613457,0.512,0.256,1.1591375961707946,1.858439681141328
2013,Huitong,16023,-1.17984927419421,Low,0.00997982918248873,5.243893514446665e-6,-0.8249360382777291,0.40940790483990924,0.42,0.21,0.9138684710575327,0.7117560467456401
2013,Jiahe,35328,-0.10322571906774637,High,0.012407806627100542,4.86190175655755e-6,-0.5930475996038905,0.5531492972515337,0.66,0.33,0.9128085879285809,0.9827739437499701
2013,Jianghua,17580,-1.3016766359592566,Low,0.010109505766726284,4.891663426232805e-6,-1.0655504282088126,0.28662691813775903,0.224,0.112,1.0372983421598978,1.6244880076704682
2013,Jiangyong,18912,-0.9924185722810046,Low,0.009627165347191803,5.535951273562214e-6,-0.7123477159328717,0.4762494832766063,0.532,0.266,1.145957159493649,0.9204462549709409
2013,Jingzhou,22774,-1.144814859979901,Low,0.010659864048135511,5.522711139105805e-6,-1.1898361666600277,0.23411079154284542,0.1,0.05,1.039162419611574,0.6895022532135457
2013,Jinshi,38042,0.4986441651863203,High,0.0128743330494743,4.859767916045021e-6,-0.05782283872565719,0.9538897459401711,0.856,0.428,0.7458912803854968,0.15497829747382452
2013,Jishou,33904,-1.0070674856526647,High,0.012287286245593821,5.660459364080838e-6,-1.4686556927671464,0.14192620081177526,0.044,0.022,0.9448280477544982,1.125926558395805
2013,Lanshan,22137,-0.6398543034779385,Low,0.010934370741278327,6.775865414420419e-6,-0.5169609558520053,0.6051834146483881,0.74,0.37,1.0063372515938933,0.8576325541421408
2013,Leiyang,27600,0.28373411670851817,High,0.011520186461442749,5.683900496327394e-6,0.2381114037883814,0.8117946901374848,0.708,0.354,0.8980618221114919,1.1166184626553948
2013,Lengshuijiang,70781,1.5173132392697724,High,0.01855960269680738,4.951262528041558e-6,-1.1492380834567808,0.25045782126594207,0.144,0.072,1.1755129507001318,1.460657226744928
2013,Li,27721,0.3478030551704952,High,0.011459431263648897,5.850162651706584e-6,0.3592832837743426,0.7193831782653348,0.568,0.284,1.015900815572261,0.6246732628871299
2013,Lianyuan,20607,0.7459185341299936,Low,0.010713153663141888,3.6936766966679033e-6,1.1518151463660828,0.2493970424882202,0.28,0.14,0.6985092098721207,0.23448080905364055
2013,Liling,46052,2.768352459004767,High,0.014453581616145053,5.542187648565776e-6,2.2825276912090486,0.02245820453155649,0.06,0.03,1.2065319473820868,1.6722267056173852
2013,Linli,27994,0.3972226333428505,High,0.011546846913339853,5.5106032653214275e-6,0.39134749131825763,0.6955403993120891,0.564,0.282,1.0410102887734591,1.304714831789613
2013,Linwu,25241,0.19121489379958556,Low,0.010943575921960038,5.062905744067277e-6,0.42242127656553,0.6727175506000335,0.584,0.292,0.9091402164823615,0.5214421122408841
2013,Linxiang,35394,0.6701315409873472,High,0.013769816488425643,5.29418003030154e-6,0.11751889614948183,0.9064488708346166,0.552,0.28,2.0011785996305536,4.037779154364102
2013,Liuyang,71634,4.421424452244409,High,0.017448747557415756,4.783797114377544e-6,2.825459081524117,0.004721291776380749,0.036,0.018,0.9414410754186304,0.8177566201674753
2013,Longhui,10191,-2.5449825631758873,Low,0.009485086011712211,4.663629376786341e-6,-1.9264841605975715,0.05404394774933405,0.004,0.002,0.9121220106801277,0.8178245454480777
2013,Longshan,10791,-2.0447978590303846,Low,0.008632811230656973,5.275980154347074e-6,-1.5327078964757221,0.1253478426850569,0.012,0.006,1.0745381237869227,0.8018787105776961
2013,Luxi,16876,-1.2972833028827635,Low,0.01032777593444756,4.753287452843146e-6,-0.9367960668129994,0.34886346889139047,0.328,0.164,0.8873835255139971,1.0588315115651357
2013,Mayang,15420,-1.1672001821983018,Low,0.009850157765465203,4.786836668893193e-6,-0.669959584881084,0.5028835541381405,0.596,0.298,0.7802954240748217,0.22081192498951285
2013,Miluo,47066,3.9542632415489622,High,0.013709437894079208,4.460209615319661e-6,3.668430673079725,2.4404384770346807e-4,0.008,0.004,0.7899737101401992,0.3184590361305162
2013,Nan,23479,-0.07633250559585146,Low,0.01113639483121126,4.801793220631302e-6,0.021044812241277373,0.9832099085809869,0.86,0.43,1.0090029974597845,1.4459431194801393
2013,Ningxiang,69797,3.3652558037842177,High,0.015313096614394088,4.451652614571782e-6,1.6739801319964769,0.09413450411850872,0.136,0.068,0.8547205798936998,0.5559108282004952
2013,Ningyuan,14110,-1.2414366905033454,Low,0.01005888269151454,3.844810142443706e-6,-0.7420951081597486,0.45802971349476695,0.5,0.25,0.6359438507637383,0.31592796999620454
2013,Pingjiang,19076,3.075196660371044,Low,0.010246068397523185,4.721966293566371e-6,4.439968457586021,8.997206372519583e-6,0.004,0.002,0.9071255598115179,0.8259452368697375
2013,Qidong,19849,-0.9812773558597584,Low,0.010725465284432217,4.302081105142195e-6,-0.7440798430018358,0.45682817309499535,0.552,0.276,0.6413472938916606,0.06598241439836805
2013,Qiyang,22774,-0.8238928575361507,Low,0.011041995237701382,4.527736928531901e-6,-0.709625343695457,0.47793649915914066,0.52,0.26,0.9764299880572054,1.5376164856487433
2013,Rucheng,12569,-0.07811116813790403,Low,0.009149946782796362,5.661248577129572e-6,0.8300154814957511,0.40653003064552823,0.412,0.206,1.1234815682139314,1.667869056063374
2013,Sangzhi,15672,-1.3390153447513777,Low,0.010043727252765994,4.820025412368388e-6,-0.8460118797142036,0.3975461171016398,0.408,0.204,0.9513480994167801,1.109261254782064
2013,Shaodong,27817,-1.2265608106522286,High,0.011371868680105302,4.156881115215193e-6,-1.4315395695429616,0.15227563482799175,0.096,0.048,0.5867762792347192,0.2724329396092502
2013,Shaoshan,61301,3.357057339172682,High,0.017029375457465145,5.636458486878774e-6,1.9365023081075712,0.052806210135116216,0.116,0.058,1.0521463111008116,0.5788775593942503
2013,Shaoyang,10531,-2.1828794636950897,Low,0.009887414732414628,4.408950562408053e-6,-1.6080913661370597,0.1078151698612008,0.032,0.016,0.9949082960873666,1.6578339780081146
2013,Shimen,30054,-0.26614128132654863,High,0.011755939656562171,5.516878592255653e-6,-0.45624399123951487,0.6482145346671636,0.828,0.414,0.8692263080281494,0.44229507914878363
2013,Shuangfeng,19797,-0.3210198978925197,Low,0.010724864460086522,5.5801882387999534e-6,-0.05205313026170987,0.9584863589334178,0.912,0.456,0.8076068646422505,0.5407687895297575
2013,Shuangpai,21770,-0.9466686397772888,Low,0.010405004578505293,5.744866639421964e-6,-0.8075340804312167,0.41935884783177113,0.372,0.186,1.2624039927380635,1.6902152584056465
2013,Suining,17604,-2.043964951324888,Low,0.010724227793638842,4.698679222286415e-6,-1.801301067527709,0.0716554396824638,0.016,0.008,0.8118896209699262,0.5193734916420891
2013,Taojiang,21511,1.7174255746481244,Low,0.010864211656280374,4.2373617735103505e-6,2.09740368531431,0.03595785513577152,0.064,0.032,0.682570110717407,0.08550464379299516
2013,Taoyuan,25691,-0.5665366823511555,Low,0.011391440308251016,3.5251929170674905e-6,-0.5586433612217958,0.5764051408901849,0.624,0.312,0.5552628808604867,-0.09846895553043478
2013,Tongdao,14134,-1.5326168947337053,Low,0.009184592940800677,6.012905088449533e-6,-1.0221715967812428,0.3066996913844954,0.156,0.078,1.241555573643511,1.5550750842627572
2013,Wangcheng,79195,5.4724086166232535,High,0.016611744882558437,4.119570005336745e-6,3.812008963961825,1.3784187643376796e-4,0.012,0.006,0.8486213883332241,0.9496258314233437
2013,Wugang,12657,-2.5570360199496416,Low,0.009835891640441739,4.458322762560561e-6,-2.1500304964272705,0.03155280259132895,0.004,0.002,0.6924650086101541,-0.015481635900955304
2013,Xiangtan,30636,4.135066434286472,High,0.011617144270206967,3.966510569483159e-6,3.9946229282276544,6.479729532210573e-5,0.012,0.006,0.7682727824583419,0.8525580477618435
2013,Xiangxiang,33585,1.8992819976313267,High,0.012198738453277229,4.805206410076602e-6,1.8305942160278776,0.06716113251499119,0.128,0.064,0.9285684671381584,0.8308029460417226
2013,Xiangyin,37621,2.1752809589971,High,0.012456904972055758,4.829035320425815e-6,2.0291747410581413,0.042440495339285365,0.076,0.038,1.152971129199915,1.810165438638756
2013,Xinhua,15063,-0.8876211578374029,Low,0.010151673917611627,4.927527418387651e-6,-0.4028441243673046,0.6870628985710587,0.828,0.414,0.9975335756326754,1.2713177692495892
2013,Xinhuang,17193,-0.8272316036953734,Low,0.008631156001103245,5.9520225569580925e-6,-0.23428317882774388,0.8147651439191546,0.988,0.5,1.9899516714329848,4.015280476144723
2013,Xinning,11834,-2.0596544796591227,Low,0.009324047494410998,4.9627378843792714e-6,-1.6491491670698915,0.09911707898590696,0.012,0.006,0.7945303491205283,0.5791451944006378
2013,Xinshao,12649,-0.7869981015658981,Low,0.010045675181872717,4.6965327042079626e-6,-0.25354608366432174,0.7998462545932764,0.952,0.476,0.7413938778155627,0.220900950644507
2013,Xintian,15881,-0.5433190311566323,Low,0.00991853581030605,6.209027690520087e-6,-0.024903111204064177,0.980132245623018,0.8,0.4,1.0438671674480162,0.9539682685144091
2013,Xupu,15330,-1.6829266506258311,Low,0.010459867061292826,3.6616629884380977e-6,-1.3707816647185196,0.17044302828911728,0.124,0.062,0.5692006555099434,0.22042835202640854
2013,Yanling,24147,0.5204427875816507,Low,0.011119952037383756,4.848607104759344e-6,0.7139617622137123,0.4752508243793817,0.468,0.234,0.6720245358720764,0.35306443175837865
2013,Yizhang,25040,0.8822788311933373,Low,0.011180082424503754,5.569339570535038e-6,1.1148456421245438,0.2649165737822111,0.28,0.14,1.1804086776116756,2.2184093640929365
2013,Yongshun,10712,-2.082951670691254,Low,0.009436262474077443,4.961527459579789e-6,-1.5216286165574884,0.1281021630183851,0.036,0.018,0.959180249978821,0.8485364312096264
2013,Yongxing,42868,1.7207540870495182,High,0.013110408964252817,4.641985813702148e-6,1.2278535516667501,0.21950194851532467,0.256,0.128,0.7308885141830843,0.26316738814735885
2013,You,40725,0.8892904126146086,High,0.013046110927482599,5.4423731806804625e-6,0.2518056168112854,0.8011913155999284,0.696,0.348,0.9864285889515619,1.2806665069208183
2013,Yuanjiang,28826,0.11070118672982196,High,0.011642804209092283,5.541700999377609e-6,0.0014427568305065825,0.9988488469993092,0.848,0.424,0.9037323516176032,0.5732784504321744
2013,Yuanling,26525,-1.6878931618816437,Low,0.011185640999704798,3.6811365068175235e-6,-1.750853236075492,0.0799711937680366,0.012,0.006,0.7485086300557809,0.4204948764709955
2013,Yueyang,29171,0.8572760121521005,High,0.011421035787208303,3.894952315920884e-6,0.936595943068159,0.34896643962866514,0.336,0.168,0.7180685316803994,0.6393781226228588
2013,Zhijiang,22994,-0.9467877842725974,Low,0.01089436743693302,4.82710408859765e-6,-0.8863643723625483,0.37542121121952815,0.364,0.182,0.9537180952143882,0.7804753805889311
2013,Zhongfang,34218,-0.6561434025011027,High,0.012282863512502384,5.61875737011543e-6,-1.0943464320033278,0.27380306829358647,0.192,0.096,0.887474231694049,0.7040225176165569
2013,Zhuzhou,30801,3.6067643661500832,High,0.011746102658303533,4.9587587779814085e-6,3.6715317758900508,2.4110109445545943e-4,0.008,0.004,0.8226158135115652,0.4751798198308683
2013,Zixing,72393,1.4320358601046728,High,0.0155039616247644,3.536858088569463e-6,-0.5087231330369175,0.6109463051366679,0.74,0.37,0.5688323819362532,-0.12459801625392597
2014,Anhua,17840,-0.38917051380260387,Low,0.010342631111302568,3.606829264054583e-6,0.08287956014562,0.9339473067568709,0.832,0.416,0.6371514247646225,0.06786108948093394
2014,Anren,17947,1.048707733019901,Low,0.010403564108782588,3.975053631864331e-6,1.5818431413974854,0.11368538365048854,0.164,0.082,0.6574216632989032,0.1361535562987619
2014,Anxiang,24818,-0.04414960565621612,Low,0.010904669689914865,5.165432337411089e-6,0.1524489407332019,0.8788328590153138,0.76,0.38,0.8371160199705918,0.5214252285300103
2014,Baojing,13954,-1.8052455929212334,Low,0.009717763716054723,5.0115407647203815e-6,-1.3193862592766143,0.18704001312153065,0.112,0.056,0.7805658847085001,0.41383960748269377
2014,Chaling,24910,-0.18608880969668548,Low,0.010852663650617402,6.21783081445157e-6,-0.02282160867584513,0.981792571281749,0.808,0.404,0.8640400862323114,0.33603888184101915
2014,Changning,29665,-0.06606837007521374,High,0.01133204481142506,5.0376579604026465e-6,-0.060923616843591405,0.951420040857357,0.876,0.438,0.8624939799705785,0.3789020271303656
2014,Changsha,107562,5.760812156173352,High,0.018762334113967355,3.941577751687277e-6,3.1460887376131352,0.0016546979312277573,0.016,0.008,0.8995327383645351,0.922931874615553
2014,Chengbu,11663,-2.135653772023606,Low,0.009354350211689838,6.324374527148897e-6,-1.5524735226686768,0.12054896327919871,0.02,0.01,1.0010510484644488,0.8295675819497124
2014,Chenxi,20132,-1.1289912039641827,Low,0.010204878571716884,4.154499533296921e-6,-0.8427553440694183,0.3993652875929614,0.432,0.216,0.9241811065005449,1.1419716384860372
2014,Cili,22584,-0.5957819455987051,Low,0.01029677384446822,5.792961887584468e-6,-0.312133679489575,0.7549389317334829,1,0.5,1.0795828222506376,1.0230363554217208
2014,Dao,22404,-1.2523458298611145,Low,0.010525856558747111,6.179971889271602e-6,-1.0578989622559216,0.2901015083615754,0.22,0.11,1.2088100349371602,1.70503019198165
2014,Dongan,24876,-1.283734523093135,Low,0.010795721489919936,5.838809774861481e-6,-1.2360177390749572,0.21645196993427906,0.088,0.044,1.0696553182253201,1.116537532717202
2014,Dongkou,16024,-2.005668413197346,Low,0.009920060790017593,4.686443166697441e-6,-1.6937147227035714,0.09031950543687649,0.028,0.014,0.8861256104586341,0.7338553182263419
2014,Fenghuang,17265,-1.1848196005095724,Low,0.009832491191352044,5.539584803731435e-6,-0.7433394775073682,0.4572761763882835,0.508,0.254,0.7961050292709402,0.1707177501631998
2014,Guidong,10583,-0.11243837832108372,Low,0.00838969007522717,5.2876674037137e-6,1.1440881911582508,0.2525870644875869,0.288,0.144,1.190939012224919,1.324113125174029
2014,Guiyang,40891,1.4352231020355586,High,0.012082067044622585,3.811925299711188e-6,1.0887572075122796,0.276260966888219,0.26,0.13,0.9200332966355383,1.3121599140696452
2014,Guzhang,15258,-1.4772280120623638,Low,0.009842923481934414,5.0399755625445466e-6,-0.9991394783506886,0.31772712913550727,0.272,0.136,1.0284126248107606,1.4470702121291312
2014,Hanshou,26745,-0.37909394419258713,Low,0.011201203826870766,5.557011042532877e-6,-0.34082850687649324,0.733232688613153,0.868,0.434,0.7230504886012412,0.049400700521705865
2014,Hengdong,33307,0.39470528180185427,High,0.011683367492536118,4.977419309840653e-6,0.27572540526712164,0.7827589811556203,0.68,0.34,0.9469608791934504,1.1777872576982933
2014,Hengnan,26001,-0.5133078471614159,Low,0.011056209367250163,3.926185204811448e-6,-0.4197145833050736,0.6746939703209844,0.812,0.406,0.5976793216138775,-0.040449320258684196
2014,Hengshan,30462,-0.15667726567592533,High,0.011587517719335519,4.73749829641527e-6,-0.2862624953971723,0.7746770810007145,0.904,0.452,0.6617242749157933,0.04371133864713439
2014,Hengyang,23456,-0.6334582964684203,Low,0.01078109400690936,5.160923060413897e-6,-0.4540170082504235,0.6498165851289255,0.784,0.392,0.9331463878722889,0.9764783587095907
2014,Hongjiang,21314,-1.3381491474212843,Low,0.010567440889852234,4.481452997369838e-6,-1.1210847918636728,0.262251771530898,0.192,0.096,0.7121815388902196,0.2534341636981945
2014,Huarong,36875,0.3988020241986282,High,0.012713266278845673,6.320216662448077e-6,0.007636676092761871,0.9939068732737858,0.68,0.34,1.3646117874893007,1.3494736438007733
2014,Huayuan,20450,-1.0015907779281767,Low,0.010094567173932919,6.225116175207276e-6,-0.7164055707101191,0.473740956169159,0.492,0.246,1.1816009762884603,2.0006823884269327
2014,Huitong,17040,-1.2307096383639133,Low,0.009917460998814517,5.240958762084592e-6,-0.856843689238453,0.39153127680633165,0.396,0.198,0.8969330950931226,0.6369849911604759
2014,Jiahe,38064,-0.1477652690378938,High,0.012343985534606082,4.879697002986753e-6,-0.6142291304340619,0.5390639262395072,0.64,0.32,0.906876615263249,0.958231595634857
2014,Jianghua,20033,-1.2810937031459388,Low,0.010203046518603655,4.8735488379965495e-6,-1.0811141916815101,0.2796463213278358,0.22,0.11,1.0326163746415125,1.5673704772071666
2014,Jiangyong,19982,-1.0009178293230618,Low,0.0094893826730595,5.468445727222022e-6,-0.6676361641900936,0.5043658672188176,0.584,0.292,1.1430877505075479,0.9643117135198525
2014,Jingzhou,25078,-1.1637730634573265,Low,0.010688173145685159,5.53473127125636e-6,-1.222466601903425,0.22153122631164193,0.084,0.042,1.039494240069162,0.716041644794275
2014,Jinshi,41277,0.48904327444197315,High,0.012826155422646696,4.842868474778176e-6,-0.04925275661773395,0.9607178685480091,0.848,0.424,0.7548127788490134,0.20402713912895765
2014,Jishou,35806,-1.0707503348938536,High,0.01214902286664114,5.648042642642642e-6,-1.4784001750072724,0.13930069860081226,0.04,0.02,0.9437490207793392,1.131935417843815
2014,Lanshan,24207,-0.6758594684057163,Low,0.010924816123218014,6.725798406532542e-6,-0.5523965772963004,0.580676675108666,0.688,0.344,1.0013362671652988,0.8610245514631765
2014,Leiyang,30360,0.37074893729443914,High,0.011536230164460641,5.664245371894979e-6,0.3243836494572617,0.7456475969256768,0.652,0.326,0.8965021027606247,1.1385954235087077
2014,Lengshuijiang,75181,1.4018094462111925,High,0.018213140751061143,4.98748235011761e-6,-1.1515232261355968,0.24951704567187838,0.156,0.078,1.1619073457729483,1.4281512908580254
2014,Li,31861,0.34606835589729995,High,0.011647779363223639,5.8240064661536645e-6,0.2793269367686693,0.7799939360917181,0.628,0.314,1.014390624551663,0.6055770124032227
2014,Lianyuan,22145,0.6903894599716673,Low,0.01068489878561373,3.724799335447205e-6,1.0999759156695885,0.2713426156793934,0.284,0.142,0.704723023340623,0.2569216358903019
2014,Liling,50629,2.822102525238635,High,0.014488456372497339,5.5446538719028e-6,2.3303417695661564,0.01978809477201012,0.06,0.03,1.2002689565926155,1.6200779304084802
2014,Linli,29998,0.40076112690896154,High,0.011465209203174192,5.500527370357649e-6,0.42983902140540425,0.6673127454518349,0.552,0.276,1.0210902599251341,1.2353799098326492
2014,Linwu,26275,0.15993687979450572,Low,0.010776765465958514,5.055743436886159e-6,0.45796185224138,0.6469798483755846,0.568,0.284,0.898941639589485,0.5045851939560322
2014,Linxiang,38903,0.6991467801687965,High,0.013809453997738336,5.297939679062338e-6,0.14840262139768873,0.8820250314041261,0.528,0.268,1.991236837119152,4.024779305772705
2014,Liuyang,78127,4.465793803697303,High,0.017419744555619093,4.785112170435676e-6,2.8843111023852352,0.003922710174693161,0.036,0.018,0.934075084663905,0.8234082368027549
2014,Longhui,11486,-2.545137289421287,Low,0.009510448192598078,4.657861881160269e-6,-1.9345168384803106,0.05304961379025662,0.004,0.002,0.9069552123748135,0.8132153011221748
2014,Longshan,11980,-2.0323184759295336,Low,0.008658898216942913,5.208781841842916e-6,-1.5323329918178692,0.12544028371686894,0.012,0.006,1.0564391425826172,0.749302183818418
2014,Luxi,18529,-1.344547041688608,Low,0.010327055552906644,4.722318225195853e-6,-0.9884739379011601,0.3229205921801034,0.276,0.138,0.8949602737627734,1.120091109783072
2014,Mayang,16700,-1.2403803725973974,Low,0.009839945556151064,4.770028810823015e-6,-0.7493566636551443,0.4536422635282822,0.52,0.26,0.7865617596543462,0.25334030003122576
2014,Miluo,51832,3.977086559887599,High,0.013746341036555223,4.451290673725319e-6,3.6734877834214816,2.3926212139186627e-4,0.008,0.004,0.7966753914620349,0.3518504162436096
2014,Nan,26081.76,-0.045398349860452665,Low,0.011178314818638613,4.848116942824691e-6,0.03533102643654494,0.9718157832499745,0.86,0.43,1.0228670872900079,1.5035663572891096
2014,Ningxiang,75076,3.328821627289589,High,0.015203723023584071,4.458964838185489e-6,1.679681065375326,0.0930193857218834,0.14,0.07,0.860764106535691,0.5664682005591772
2014,Ningyuan,15200,-1.2579198773256286,Low,0.010042131223184297,3.8360379627220385e-6,-0.7505070790495781,0.4529493618670922,0.492,0.246,0.639298251016731,0.3281867965125209
2014,Pingjiang,20521,3.101902961319682,Low,0.010202195731774038,4.730475222800592e-6,4.483022715752051,7.359309194209423e-6,0.004,0.002,0.8986298064855703,0.8137507203746575
2014,Qidong,21906,-0.9684074128141731,Low,0.010742412775344415,4.291468267484418e-6,-0.7374817356994862,0.46082944615472043,0.564,0.282,0.6456651495719463,0.09442041541048196
2014,Qiyang,25139,-0.8230152705924672,Low,0.011058061404192878,4.525296918131179e-6,-0.7148901434034959,0.4746769280196558,0.516,0.258,0.9821197417751044,1.547069194585502
2014,Rucheng,14018,2.9866029535857147e-5,Low,0.009182088235832572,5.592233079783645e-6,0.9225508430868506,0.3562413228652962,0.38,0.19,1.0919480121487526,1.4778960813828563
2014,Sangzhi,17518,-1.3377023103613441,Low,0.010078888376283637,4.794889031490326e-6,-0.8602287646129032,0.38966295150530317,0.388,0.194,0.9372672386280243,1.065674173632786
2014,Shaodong,30800,-1.219310800252671,High,0.011407638164481471,4.145675331233477e-6,-1.4400112503004179,0.14986421616022472,0.096,0.048,0.5713917720708015,0.2378747954614826
2014,Shaoshan,67578,3.398417150752717,High,0.01710389920326871,5.595588103797891e-6,1.957535655987758,0.050284523933907865,0.112,0.056,1.0457547316091955,0.5733050722751711
2014,Shaoyang,11739,-2.153762859399178,Low,0.009906145616590582,4.403118559046592e-6,-1.5830911395548646,0.11340069284677252,0.04,0.02,0.9815937754054844,1.6293861029359125
2014,Shimen,32286,-0.23981993649029415,High,0.011689323187097334,5.487782360046987e-6,-0.39986074162229657,0.6892590890403935,0.864,0.432,0.8645185711680173,0.4154990337808302
2014,Shuangfeng,21252,-0.2987655244497206,Low,0.01068143463279501,5.569053441445463e-6,-0.010779567741135752,0.9913993158928062,0.864,0.432,0.817816513601835,0.5582647921176727
2014,Shuangpai,23077,-0.9770742644702708,Low,0.010287051101446067,5.711928559553964e-6,-0.7971303143275216,0.42537535224913886,0.384,0.192,1.251301400118312,1.671555032266257
2014,Suining,19428,-2.0572972445599653,Low,0.010741486007898747,4.6480704769204416e-06,-1.8289814477175235,0.06740238754163869,0.016,0.008,0.8110665120602009,0.5480877402202795
2014,Taojiang,23855,1.7198345233683323,Low,0.010888102398203014,4.219922183978743e-6,2.0893304855841954,0.036677983971595045,0.064,0.032,0.69112898858725,0.13364142964893322
2014,Taoyuan,29042,-0.5753831946258493,Low,0.011438999874662834,3.513961173571096e-6,-0.5924075839117761,0.5535776891093023,0.616,0.308,0.5557569944727824,-0.09133242206370795
2014,Tongdao,14871,-1.556844406798894,Low,0.009091413943502612,6.026085644397249e-6,-1.0097474740785028,0.3126162911947095,0.2,0.1,1.2190727364674028,1.483999807357823
2014,Wangcheng,84780,5.445771718140135,High,0.0164348994098444,4.132325614580793e-6,3.8504808443964187,1.178861506266321e-4,0.012,0.006,0.8554196458302524,0.968679345215564
2014,Wugang,14135,-2.526593551433773,Low,0.00986317508999822,4.449703733073199e-6,-2.12564081575697,0.03353317836111414,0.004,0.002,0.6941835424240146,-0.015213337954890438
2014,Xiangtan,34488,4.181202885862601,High,0.011673021916708985,3.95458866217022e-6,4.011020107256,6.045696059330185e-5,0.008,0.004,0.7701353824358004,0.8474473967074192
2014,Xiangxiang,37651,1.923788428906419,High,0.012292677080923946,4.7684211674787635e-6,1.8191851161398562,0.068883192795698725,0.12,0.06,0.9326007695979076,0.873362213960668
2014,Xiangyin,41965,2.202002406277212,High,0.012545764889318365,4.805930739669671e-6,2.019969714157629,0.04338652909560477,0.08,0.04,1.12803700984542,1.7300739881443468
2014,Xinhua,16620,-0.9527318724475008,Low,0.01016499067661082,4.901261508484964e-6,-0.47786922169666807,0.6327432889584065,0.756,0.378,1.0065651232696655,1.3312262632751999
2014,Xinhuang,18328,-0.8942292052674343,Low,0.008510886299308532,5.959577229657608e-6,-0.2918272296520243,0.7704187247496717,0.948,0.468,1.9909138733411058,4.070959536724875
2014,Xinning,13209,-2.0461902050405336,Low,0.009351159236625365,4.959476815822223e-6,-1.6404658791976996,0.10090833732399804,0.012,0.006,0.7939710256474546,0.5615387753939483
2014,Xinshao,14085,-0.813948343785198,Low,0.01005545557046533,4.691192004538e-6,-0.28611189388060043,0.7747924221758766,0.92,0.46,0.7394077345680793,0.2123175034622653
2014,Xintian,17140,-0.5464129608186084,Low,0.009888147333676142,6.2097612730957e-6,-0.015046518340105782,0.9879950683058173,0.8,0.4,1.0256154250198684,0.8854304178568295
2014,Xupu,15331,-1.7964968413466567,Low,0.010353904803251095,3.6691191337176563e-6,-1.4347522921801668,0.1513576971483235,0.1,0.05,0.5694090042667828,0.2261477359506472
2014,Yanling,27330,0.6629027447576469,Low,0.011219682814916256,4.830684970300871e-6,0.8339560208641312,0.4043057670053775,0.404,0.202,0.6669321216962462,0.3516138569633349
2014,Yizhang,28354,0.9588775741702688,Low,0.011290680168454031,5.565711825430984e-6,1.1563484011659266,0.24753867809636565,0.256,0.128,1.1867704220444166,2.2859359592048465
2014,Yongshun,11628,-2.0915084195559133,Low,0.009423075641875724,4.911402684140793e-6,-1.5289043906142326,0.12628814764494498,0.028,0.014,0.9507652485314434,0.814979612372198
2014,Yongxing,48646,1.8944845755542499,High,0.013293177818166026,4.6178390849202276e-6,1.348279829803368,0.17756839701001298,0.212,0.106,0.7366215407626039,0.2821051655343294
2014,You,45160,0.9796994097526519,High,0.013102592824503411,5.3879221981143104e-6,0.326203556387098,0.7442703508303645,0.656,0.328,0.9961597506601567,1.3671877480995862
2014,Yuanjiang,31834,0.175413507641528,High,0.011670387889328953,5.553898699389834e-6,0.05948115345980112,0.9525688762562174,0.796,0.398,0.9152954490542162,0.629671705522707
2014,Yuanling,27798,-1.7366851394735925,Low,0.011093868000999853,3.662044832197516e-6,-1.7574330802265865,0.07884401894635239,0.012,0.006,0.7581773363499408,0.43196367995333995
2014,Yueyang,32503,0.9109909618404238,High,0.011463159113085914,3.861994336783283e-6,0.9780427837109106,0.32805316428382403,0.324,0.162,0.7131588262162395,0.6412306384372033
2014,Zhijiang,24134,-1.0636509477415226,Low,0.010783590197997432,4.800724941303492e-6,-0.9721283938822163,0.33098667809775706,0.316,0.158,0.9527543218046447,0.8049505143336018
2014,Zhongfang,35747,-0.8110077113297308,High,0.01210212610181098,5.5888403125831266e-6,-1.1864371241270462,0.23544971819279353,0.156,0.078,0.8756705355677514,0.6970728124223045
2014,Zhuzhou,34977,3.7171013086600713,High,0.011864075384088157,4.935868664386064e-6,3.7375704372652105,1.8580704538704733e-4,0.008,0.004,0.8183698665387175,0.4644645112528356
2014,Zixing,80663,1.6061993394476688,High,0.015621406534527472,3.513112930634359e-6,-0.36998499405170815,0.711393671311578,0.812,0.406,0.5850620367951052,-0.05444748425413071
2015,Anhua,19174,-0.44251982427736375,Low,0.010306591858368621,3.666924242494519e-6,0.027678880646803093,0.9779182680519486,0.872,0.436,0.6850539026009503,0.20323251299205447
2015,Anren,19235,1.029485234041994,Low,0.010379247482355362,4.109336649963547e-6,1.571798561093851,0.11599727536433979,0.16,0.08,0.7171980672602544,0.3101556941910224
2015,Anxiang,27038,-0.05840348121481207,Low,0.010905182433803852,5.377647586466515e-6,0.13208785143618879,0.8949148048651384,0.764,0.382,0.9202101855068433,0.731975266309199
2015,Baojing,15331,-1.7754087057579926,Low,0.009728140851571605,5.157567083887015e-6,-1.3163981850175455,0.188040431295215,0.1,0.05,0.8302895238201671,0.5140135651276792
2015,Chaling,26919,-0.19132525970460607,Low,0.010834644386837945,6.518031888022869e-6,-0.026626560069214884,0.9787575888949408,0.804,0.402,0.982828382712516,0.7447205280324529
2015,Changning,32424,-0.037112197203735854,High,0.011345632532277215,5.245014037051579e-6,-0.03435343215017933,0.9725953172934021,0.836,0.418,0.9782293117199842,0.8035071062096035
2015,Changsha,128715,6.097127241257188,High,0.019760791043193903,3.8660310776496115e-6,3.2389387363968125,0.0011997534069633786,0.016,0.008,0.8978494575427611,0.9015125484513296
2015,Chengbu,12865,-2.07115088264273,Low,0.009386614425198486,6.63867164693537e-6,-1.5084639786830916,0.131435819170158,0.024,0.012,1.0767452977912462,1.042283044996248
2015,Chenxi,21550,-1.2177400972892114,Low,0.010159061878782377,4.301105817705544e-6,-0.9488014133788654,0.3427216229093481,0.316,0.158,0.991400679963965,1.3675825125005963
2015,Cili,24747,-0.5625630487568908,Low,0.01032103248161648,6.058222598432207e-6,-0.28955644052354473,0.772155595342224,0.976,0.488,1.2124507693385203,1.5740223413172387
2015,Dao,24593,-1.2087481525597406,Low,0.010550984894342462,6.4544656111670125e-6,-1.0271173416459787,0.304365213790356,0.224,0.112,1.3133890535359867,2.0725332568085015
2015,Dongan,27068,-1.2425016840698382,Low,0.010790867235304756,6.018170511595773e-6,-1.2004340375194547,0.2299708162727709,0.088,0.044,1.156001969221496,1.4104694771073287
2015,Dongkou,17523,-1.9483009190402778,Low,0.00992789265903005,4.90898388238881e-6,-1.6427552336939408,0.10043358578783822,0.028,0.014,0.9821952819343363,1.0249935703629989
2015,Fenghuang,19362,-1.1984970800270442,Low,0.009892223210891638,5.695890034610703e-6,-0.8051908803861899,0.4207095382439855,0.42,0.21,0.8605939475067729,0.3269014901530052
2015,Guidong,11909,-0.1078625472917872,Low,0.008442943535375814,5.4741754880611635e-6,1.1044776182991167,0.2693860072265106,0.284,0.142,1.278793314839695,1.5995029989295562
2015,Guiyang,44112,1.3495547947795121,High,0.012061142835916682,3.974093073723128e-6,1.0217742137550871,0.3068877765663267,0.276,0.138,0.9653485014141682,1.4560352855647993
2015,Guzhang,16893,-1.502037935205569,Low,0.009866376979306637,5.234196054767226e-6,-1.0558716142313336,0.29102687427120866,0.236,0.118,1.0683896066044536,1.472525122877581
2015,Hanshou,27488,-0.44743036974535993,Low,0.011048205033944367,5.804070084620164e-6,-0.35288518943765074,0.7241745145786482,0.876,0.438,0.7888514682808582,0.14815152964259992
2015,Hengdong,36790,0.4846116333867035,High,0.011726241124596606,5.210090237893178e-6,0.35530089636611795,0.7223641840131997,0.62,0.31,1.0390208842685156,1.488640609165361
2015,Hengnan,29475,-0.41967607604978296,Low,0.011145030026060203,4.080792363708622e-6,-0.3631531696625555,0.7164904681424883,0.864,0.432,0.6662528441370607,0.13117609901551308
2015,Hengshan,34386,-0.045166785047488334,High,0.01170585868231845,4.975838074828624e-6,-0.20616563884194497,0.836661527483445,0.964,0.482,0.7854748373859956,0.3950304732647023
2015,Hengyang,25922,-0.5559635148592511,Low,0.01081912299946439,5.404217586084872e-6,-0.3887874469151224,0.6974333876355057,0.852,0.426,1.0407304529553432,1.3602040846186956
2015,Hongjiang,23072,-1.3328044720756735,Low,0.010559678443018725,4.699088813148596e-6,-1.118097151700635,0.26352550280268466,0.176,0.088,0.8066661560119742,0.4770131387567704
2015,Huarong,38676,0.32198400086515566,High,0.012479197961187008,6.742665283662915e-6,0.005552540762605214,0.995569736216996,0.688,0.344,1.507360391573397,1.948405068801308
2015,Huayuan,20056,-1.051905453416986,Low,0.00980238786496585,6.727916117992604e-6,-0.6634586496736717,0.5070368541018928,0.536,0.268,1.3979195622277962,3.1072926124701805
2015,Huitong,18404,-1.2172073709505427,Low,0.009909694948053417,5.531854559558327e-6,-0.8469920831747141,0.39699953419732503,0.392,0.196,0.991845738147359,0.8754669260860872
2015,Jiahe,40607,-0.20249326471365367,High,0.012268117557710546,5.092383322915551e-6,-0.6345704278419229,0.525708620211961,0.608,0.304,1.0003194303496101,1.1845821038213735
2015,Jianghua,22078,-1.233771604006424,Low,0.010232720888681322,5.074142809022733e-6,-1.0485894538806888,0.294367111748489,0.224,0.112,1.1490077758261728,1.9994569987540771
2015,Jiangyong,21799,-0.9621173999093092,Low,0.009502201196665947,5.7111445335712305e-6,-0.6339637419380708,0.5261044849060392,0.608,0.304,1.308635488342453,1.7527118313973373
2015,Jingzhou,27127,-1.1508855605811954,Low,0.010666308289420234,5.781854852998382e-6,-1.2034070864358906,0.22881882695450553,0.084,0.042,1.150726125080785,1.0989043411270698
2015,Jinshi,44464,0.4776157856086264,High,0.012773395535497976,5.023823859820147e-6,-0.025686059842573914,0.9795077428238143,0.828,0.414,0.8630736531291262,0.5541970516553678
2015,Jishou,39364,-1.0817825362157478,High,0.01220207874819648,5.917181754854763e-6,-1.5031975091372665,0.13278811967548668,0.028,0.014,1.0282479111044383,1.3308188958563223
2015,Lanshan,26199,-0.6959444997655938,Low,0.010919283439535618,7.1069076179149824e-6,-0.5723997728760037,0.5670511696912655,0.656,0.328,1.1223363549234733,1.349498547294763
2015,Leiyang,33069,0.3803289482021235,High,0.011545850736833025,5.909611193222667e-6,0.33261258846198216,0.7394267397202616,0.632,0.316,0.9849503596849153,1.4190603091803693
2015,Lengshuijiang,78672,1.2195779776908815,High,0.017773967432267244,5.19605579755159e-6,-1.1428097657382599,0.25311758326025585,0.152,0.076,1.271237350973998,1.8777063841355899
2015,Li,35530,0.3588533599249503,High,0.011759461688221931,6.110553932449322e-6,0.25086675315139534,0.8019171297174267,0.632,0.316,1.108005748831685,0.8844279208095238
2015,Lianyuan,23773,0.6065904455747481,Low,0.010655348048824283,3.862383738880454e-6,1.0205468157489461,0.3074691980953668,0.3,0.15,0.7907055402354105,0.5336644343726529
2015,Liling,54625,2.7741759202841902,High,0.014424991472970692,5.808774095354391e-6,2.3212739446340875,0.020272063534969118,0.076,0.038,1.3069275120759372,1.9831586000181192
2015,Linli,32103,0.39016913638154077,Low,0.01140853522745424,5.754953594838868e-6,0.4417419100467309,0.6586759785309546,0.528,0.264,1.1389006712298448,1.6329416242148058
2015,Linwu,27477,0.08474134724171524,Low,0.01064891031656149,5.2301281452279205e-6,0.41742929391277883,0.6763644317599378,0.58,0.29,0.9984053401801151,0.8412280897175908
2015,Linxiang,41901,0.6688915173149624,High,0.013706752993635756,5.424114341774292e-6,0.16468411371026384,0.869192621665889,0.528,0.268,2.158968745549238,5.315654949832783
2015,Liuyang,85426,4.649052227938001,High,0.01747305664439252,5.030257323317839e-6,3.1445166600075,0.0016636143855384407,0.028,0.014,1.0667281002745996,1.3190569455852437
2015,Longhui,12777,-2.4718111239274476,Low,0.009534007885377043,4.867974967782954e-6,-1.8838563101491401,0.05958441430996558,0.004,0.002,0.9969019061392079,1.099623194870774
2015,Longshan,13383,-1.9611476525997382,Low,0.008691920045564041,5.323156011417312e-6,-1.4942084979395014,0.13512113217235194,0.012,0.006,1.1389838835176342,1.080411943985963
2015,Luxi,18644,-1.4020776476490096,Low,0.010188893307898654,4.822808176636147e-6,-1.011214826439802,0.311913621090736,0.244,0.122,0.936456332674068,1.1651353240554263
2015,Mayang,18334,-1.2515111402967523,Low,0.009863199541423458,5.035367917501634e-6,-0.784256942934859,0.43288935863389716,0.472,0.236,0.8714031084294988,0.4822361153239263
2015,Miluo,56180,4.07911213792577,High,0.013740243101785319,4.656213328199801e-6,3.823192839714539,1.317346702160042e-4,0.008,0.004,0.8726783688935849,0.5723924422834514
2015,Nan,28216,-0.10600064675199775,Low,0.011171857348488209,5.153804618925951e-6,-0.028599474798632077,0.9771840309642608,0.876,0.438,1.138622675979555,1.8545144601791286
2015,Ningxiang,81677,3.238391427492213,High,0.015217667606794048,4.7346209957720735e-6,1.6055824733912556,0.10836567892272322,0.168,0.084,0.9585030547046688,0.8464360835870304
2015,Ningyuan,16682,-1.2348581780131889,Low,0.010039245751291578,3.955187075790697e-6,-0.7428742812611401,0.45755779791838225,0.5,0.25,0.7418899801595342,0.6241026386944513
2015,Pingjiang,22238,3.2875347772844057,Low,0.010196578508009355,5.0070338455775676e-6,4.681028289440954,2.8543954296110665e-6,0.004,0.002,1.0332210876154349,1.2484137829827056
2015,Qidong,23976,-0.907766207944228,Low,0.010765313223843328,4.573597743489795e-6,-0.6833100057662679,0.49441097293117825,0.6,0.3,0.7522613616470187,0.40094794482444573
2015,Qiyang,27359,-0.805367979925607,Low,0.011062730105610584,4.7812659410386386e-6,-0.69807053104986,0.48513308633447294,0.52,0.26,1.0679098347919427,1.6976267842480643
2015,Rucheng,15164,-0.02020287869620995,Low,0.009152891190758185,5.713258692389048e-6,0.8985316317063357,0.36890218926575974,0.384,0.192,1.1266537222229636,1.5134825851554377
2015,Sangzhi,19075,-1.3367321442139302,Low,0.01008387173608501,4.995146528174364e-6,-0.8758220737441611,0.38112676804870904,0.36,0.18,1.0208902838520895,1.3322855223065195
2015,Shaodong,33525,-1.1896727920606192,High,0.011408371149164792,4.259197769693916e-6,-1.417691874140834,0.15628074351299698,0.096,0.048,0.6189508160825485,0.3241301904768994
2015,Shaoshan,72777,3.3193945577990753,High,0.01700791833620966,5.8622865304706494e-6,1.9464817209842282,0.05159690155335412,0.128,0.064,1.1423227673346166,0.8870466804874204
2015,Shaoyang,12866,-2.0846698770621073,Low,0.00991583507760514,4.620876437282559e-6,-1.526847573859211,0.126798918556706,0.04,0.02,1.0596572661291557,1.813988114020468
2015,Shimen,35202,-0.21202290960831086,High,0.011705811363733946,5.7183203738692236e-6,-0.37406856316964815,0.7083533066079258,0.892,0.446,0.9327750089276932,0.5564269365333989
2015,Shuangfeng,22900,-0.25263982932772744,Low,0.010664631215434345,5.781383931115981e-6,0.03625706198304197,0.9710773869842486,0.796,0.398,0.8772686265710438,0.6881347949061922
2015,Shuangpai,24885,-0.955829186206254,Low,0.010252845752869569,5.928706996034734e-6,-0.7686479440996407,0.4421023354501883,0.408,0.204,1.3597621225219503,2.1455978774834454
2015,Suining,21042,-2.0122042387164987,Low,0.01075623958410558,4.958388437929479e-6,-1.7775423414151554,0.07547905080664752,0.016,0.008,0.894779804220691,0.7911618894154904
2015,Taojiang,25678,1.6031395627154927,Low,0.010875964564496654,4.448989227208142e-6,1.955690733819481,0.0505015969597637,0.092,0.046,0.7799199022196224,0.3920308439831044
2015,Taoyuan,31968,-0.635781908988979,Low,0.01145481360720022,3.6519989129394745e-6,-0.65967898205298,0.5094598572432383,0.56,0.28,0.6130777393099234,-0.023984848772043765
2015,Tongdao,16106,-1.5265698545622426,Low,0.009076195749655892,6.2993282985456365e-6,-0.9864126333001632,0.32393066821046307,0.216,0.108,1.331293014395161,1.9515679614867496
2015,Wangcheng,91430,5.505364061840765,High,0.016362285014178177,4.331157898342834e-6,4.004474885792992,6.215539357355469e-5,0.012,0.006,0.9917198745999998,1.4265638162195895
2015,Wugang,15688,-2.4431299831969264,Low,0.009890679036773844,4.619148989295041e-6,-2.0675668175081263,0.03868077504655708,0.004,0.002,0.7460398394614859,0.06767031680990021
2015,Xiangtan,38565,4.335624294414644,High,0.0117276763448411,4.052484138335101e-6,4.182981179522587,2.8771121822317397e-5,0.008,0.004,0.8273226298532624,1.000508747122785
2015,Xiangxiang,41058,1.8837420300453103,High,0.01230605622075099,5.00312858561008e-6,1.7725887845204327,0.07629687151700852,0.132,0.066,1.0312923944812038,1.1526257830730726
2015,Xiangyin,44546,2.0783331088922115,High,0.012438941700751814,5.02317496453634e-6,1.9359371720258014,0.05287539636120563,0.092,0.046,1.1869655746033116,1.8608265878224284
2015,Xinhua,17929,-0.9976735633486566,Low,0.010156328673242045,5.153912848232199e-6,-0.5324559199379055,0.5944102638806521,0.7,0.35,1.0946846175745428,1.6918929650123928
2015,Xinhuang,19851,-0.8811127963333496,Low,0.008495560322004644,6.280407522419746e-6,-0.2887710742960012,0.7727565688933141,0.948,0.468,2.210400403625269,5.610739384533327
2015,Xinning,14673,-1.9754325346443427,Low,0.009374998557074481,5.095518726810308e-6,-1.5965996070175439,0.11035498658778477,0.012,0.006,0.8426860834985649,0.5927720096435563
2015,Xinshao,15249,-0.8552908812762461,Low,0.01003936446571678,4.882813236990673e-6,-0.33806097353009074,0.7353172395081815,0.876,0.438,0.8083693232921627,0.3300194343936891
2015,Xintian,18634,-0.5545547066621856,Low,0.009897358459430508,6.534469953806055e-6,-0.0405795807202615,0.9676310629707183,0.804,0.402,1.092264737356041,1.0604737784199854
2015,Xupu,16743,-1.8264446007207473,Low,0.010367600737250661,3.899350706095671e-6,-1.4738602358547284,0.14051922599726666,0.092,0.046,0.6627297009956749,0.43201629306483413
2015,Yanling,30230,0.6464020680816529,Low,0.01126377796718467,5.025104011752947e-6,0.7957373737239236,0.42618469906122014,0.416,0.208,0.7631705012711224,0.6002740501497388
2015,Yizhang,30839,0.8825331506501287,Low,0.011297706371744726,5.936092486947898e-6,1.0525674584495475,0.2925392780425087,0.28,0.14,1.3701693418931444,3.194807651434502
2015,Yongshun,12918,-2.0750781908364035,Low,0.009446209429729208,5.109942451473087e-6,-1.5431447645905603,0.12279565554648478,0.028,0.014,1.0507522737372597,1.1462445345931656
2015,Yongxing,52963,1.831998581391226,High,0.01329370957612779,4.812564708834433e-6,1.2956865644393152,0.1950834920521117,0.224,0.112,0.8285782605541259,0.5372574086098654
2015,You,48800,0.965829554184016,High,0.013074486221808457,5.704698915682597e-6,0.337125711562399,0.7360221357744858,0.62,0.31,1.123830509614557,1.853882526964532
2015,Yuanjiang,33822,0.08642383080948288,High,0.011598691511605119,5.855868585497345e-6,-0.004097132725635746,0.9967309702005839,0.848,0.424,1.0091479514565982,0.86869213705369
2015,Yuanling,27318,-1.8115185129449827,Low,0.010885925614018509,3.7765234016945245e-6,-1.7479289503883624,0.08047633108306398,0.012,0.006,0.8378137428823513,0.7029124558508446
2015,Yueyang,35632,0.8298145563284174,High,0.011457554956163378,3.893260788597181e-6,0.9066098411763072,0.364613155732593,0.356,0.178,0.744355506964698,0.7039563200286101
2015,Zhijiang,26175,-1.0649552406481972,Low,0.010777973562749971,5.020211365605718e-6,-0.9768106556724777,0.32866289975807217,0.288,0.144,1.067555061029631,1.2449228301307675
2015,Zhongfang,37870,-0.837233604092174,High,0.01201480709074509,5.8921874958974595e-6,-1.1667820850303814,0.243298383572596,0.152,0.076,0.9836349469936677,1.157829371874624
2015,Zhuzhou,39345,3.9231515786111673,High,0.011971451045060977,5.137927581941767e-6,3.9233341885744903,8.733187768960095e-5,0.004,0.002,0.9069747887490792,0.6522193917163999
2015,Zixing,86570,1.5360815491399944,High,0.015539552013309242,3.7149035672719727e-6,-0.3583418277502481,0.7200875195575442,0.836,0.418,0.7157644595052179,0.3693001096308004
2016,Anhua,21499,-0.43391038104942353,Low,0.010345765702498198,3.5466932664040468e-6,0.027904412876302315,0.9777383888490205,0.876,0.438,0.6383343565926347,0.10929734389417556
2016,Anren,21192,1.065017151140668,Low,0.010389005266123597,3.999061584486872e-6,1.6042449058669424,0.10866007991348374,0.148,0.074,0.6946977985288377,0.24817402046626125
2016,Anxiang,30104,0.07614733970357697,Low,0.010952569476338443,5.196534292869511e-6,0.2656486084755651,0.7905098460168589,0.68,0.34,0.8787926250353666,0.657550478141899
2016,Baojing,16272,-1.9011476952958093,Low,0.009681038062766531,4.966719334542827e-6,-1.423981840357723,0.15445172893636344,0.068,0.034,0.7823403362007166,0.41517758156542994
2016,Chaling,29527,-0.20803784828342334,Low,0.010844369901450851,6.279007042155446e-6,-0.04677129160380978,0.9626955099654207,0.828,0.414,0.9151502389654912,0.5759444077254288
2016,Changning,35619,-0.004461810404311181,High,0.011364137599549693,5.062860367299603e-6,-0.005287831168654748,0.9957809408120378,0.824,0.412,0.9264768166786069,0.6508880337025356
2016,Changsha,135712,6.003654777967315,High,0.019358926070530098,3.825478247669811e-6,3.2009072819594153,0.0013699560698806623,0.016,0.008,0.8707244452896123,0.8192916581832121
2016,Chengbu,13744,-2.1261356118534227,Low,0.009342069782327761,6.342720359434002e-6,-1.540795502954813,0.12336656428970467,0.032,0.016,1.0245076437608052,0.9187645410654319
2016,Chenxi,23466,-1.2781370569226702,Low,0.010151476724723338,4.166776567428189e-6,-1.0055450847944862,0.3146344515618047,0.28,0.14,0.9343347032615161,1.1863111568541749
2016,Cili,27029,-0.5177600595642216,Low,0.010310355604494842,5.839050535136723e-6,-0.2196401408732473,0.826151426785023,0.94,0.47,1.1467779545793024,1.3736241547578638
2016,Dao,27445,-1.2147560555743215,Low,0.010607393426332882,6.206888081110616e-6,-1.049965860246265,0.29373380927246384,0.212,0.106,1.260606654251478,1.9190072413266037
2016,Dongan,29134,-1.2763255158878748,Low,0.01075203246081432,5.841549013086592e-6,-1.2128602322104178,0.22518326221158658,0.096,0.048,1.0974357523412965,1.2343770240991425
2016,Dongkou,19132,-1.9934482488544598,Low,0.009923076643691464,4.750674011049175e-6,-1.675215944559613,0.09389187028574292,0.028,0.014,0.9374963512241881,0.9029776384901158
2016,Fenghuang,21499,-1.3019519337337495,Low,0.009930178512047477,5.465159445781375e-6,-0.9328048189392986,0.35092075267670403,0.316,0.158,0.8141534345881684,0.27364761977519025
2016,Guidong,13191,-0.11514868567608909,Low,0.008470794186775306,5.25363943918542e-6,1.108406819052954,0.2676861612674729,0.292,0.146,1.2146389643957571,1.449324401247905
2016,Guiyang,48667,1.5042108922672974,High,0.012077631995834172,3.8324800566988265e-6,1.1617819562308929,0.24532404520239523,0.228,0.114,0.927493895033795,1.3734880721660723
2016,Guzhang,17913,-1.6311595270628758,Low,0.00982278645009264,5.04335808513679e-6,-1.1691559289424767,0.24234081363877788,0.148,0.074,1.027079667689863,1.41241557253172
2016,Hanshou,31328,-0.36392722114586595,Low,0.011154325577118283,5.612866262641922e-6,-0.30402013431975455,0.7611125517765314,0.908,0.454,0.7501517055016613,0.07887503503296145
2016,Hengdong,41012,0.5297775151924662,High,0.011788479807753126,5.000800782650228e-6,0.3725580937975455,0.7094773671239553,0.6,0.3,1.0011407556794683,1.37344447740574
2016,Hengnan,32506,-0.3688751285577188,Low,0.01116327155735927,3.929890456002619e-6,-0.31288951970802475,0.7543646001629717,0.9,0.45,0.6230652927087723,0.055697016029658375
2016,Hengshan,38492,0.015970998412887353,High,0.011785551386016349,4.7737880968569584e-6,-0.17443373999406803,0.8615246000805588,0.98,0.49,0.7362511665512043,0.3021724080498722
2016,Hengyang,28777,-0.5270639250238431,Low,0.010853213943076135,5.183420346245369e-6,-0.36713355410563825,0.7135193996608787,0.86,0.43,1.000522646565432,1.283910977083968
2016,Hongjiang,25024,-1.358796676976467,Low,0.010542390072733644,4.4835779969770245e-6,-1.1359270441041327,0.2559870988024088,0.176,0.088,0.7570951209996695,0.4129087649511649
2016,Huarong,41942,0.3166447702307107,High,0.012420135982851339,6.4381378168525295e-6,0.013038826710749291,0.9895968162532931,0.692,0.346,1.43100119078782,1.712881908599437
2016,Huayuan,19868,-1.1853519961532137,Low,0.00953285095981823,6.424216734089782e-6,-0.7084540727792888,0.47866332337641937,0.496,0.248,1.3004910233649625,2.68033327014618
2016,Huitong,20455,-1.2408681902102996,Low,0.009940089719181177,5.296804736476951e-6,-0.8781431088690069,0.379866061113305,0.388,0.194,0.928696225981825,0.723543511550035
2016,Jiahe,43764,-0.07527986257588044,High,0.012201995325281828,4.890431900474563e-6,-0.4660538337680811,0.6411769673992855,0.752,0.376,0.9548368175744018,1.0956781165735903
2016,Jianghua,23836,-1.2381093188425103,Low,0.010203447399956158,4.867198637723479e-6,-1.0319803298004426,0.30208133230940043,0.252,0.126,1.0875387269567027,1.813673562750667
2016,Jiangyong,24413,-0.9488613914052092,Low,0.009596015215497649,5.52646436061429e-6,-0.6369790322166089,0.5241385014959634,0.592,0.296,1.2354216142134402,1.49315029524716
2016,Jingzhou,29475,-1.181628814049162,Low,0.010642270119144953,5.5567562884280554e-6,-1.2275513677873915,0.21961542750293672,0.08,0.04,1.09454001753511,0.9602769135709899
2016,Jinshi,51473,0.6636856298013759,High,0.013076941652855138,4.843065782665619e-6,0.05863849315547118,0.9532400503132837,0.792,0.396,0.7992945549720593,0.4213434458781058
2016,Jishou,42043,-1.224729422892949,High,0.012104282326241583,5.652084068263996e-6,-1.6273893963679815,0.10365442213967872,0.02,0.01,0.9782373749543133,1.2380402649305706
2016,Lanshan,28786,-0.5695687289436879,Low,0.010925532032093357,6.789477945633488e-6,-0.43865375639343385,0.6609124394060367,0.824,0.412,1.058095638482432,1.1632423210548346
2016,Leiyang,36524,0.4285544728200589,High,0.011577772659755604,5.714385452119196e-6,0.36834510847050017,0.7126159215345264,0.62,0.31,0.9182742654725521,1.2291121478169451
2016,Lengshuijiang,83756,1.1425041510737732,High,0.017490065698492364,5.079526695329817e-6,-1.1674078613085814,0.24304569791927488,0.156,0.078,1.2119988469626577,1.7095561393170726
2016,Li,39741,0.5076345394768377,High,0.011850256812194251,5.8800569182886905e-6,0.38044809552528946,0.7036128186951862,0.568,0.284,1.0672003140972603,0.8040641320016273
2016,Lianyuan,25962,0.5703326211012087,Low,0.010656659543439808,3.738695270273411e-6,0.9842102625864113,0.3250121408787725,0.308,0.154,0.7496527114445861,0.43797077294231057
2016,Liling,58799,2.7554458709915206,High,0.01430111153862138,5.618482161351501e-6,2.3171698914477386,0.02049447895935793,0.068,0.034,1.2452445914384607,1.8100747797173637
2016,Linli,35898,0.5508439051244695,High,0.011486768497405432,5.5019213728470844e-6,0.5994058952148864,0.5489022467164987,0.484,0.242,1.0763327337691821,1.477897077654296
2016,Linwu,37554,0.37818130057838206,High,0.011448483661884484,5.05209346586264e-6,0.42931299919850985,0.6676954580434407,0.6,0.3,0.9469962380625152,0.7179025245642232
2016,Linxiang,45267,0.6512532565272208,High,0.013588799444696575,5.250930631663739e-6,0.16489528924291927,0.8690264002851739,0.576,0.292,2.0583360508202553,4.7672241698537485
2016,Liuyang,92823,4.600361927577581,High,0.017406669906590896,4.869267608853735e-6,3.0486555864083305,0.0022986784817142954,0.028,0.014,0.9975349365435645,1.1343469358487104
2016,Longhui,13887,-2.5248421014362266,Low,0.009527689995468899,4.694046899770814e-6,-1.9197952088192085,0.054883772307341566,0.004,0.002,0.9606575937099778,1.0442281859919058
2016,Longshan,14736,-2.013167689879065,Low,0.008712542429163752,5.139027860902012e-6,-1.547432448834195,0.12175900171593577,0.012,0.006,1.0900045794246962,0.9872439411347167
2016,Luxi,18507,-1.5220917557754803,Low,0.010045423950401722,4.66392378670404e-6,-1.0631762270208984,0.28770204113487496,0.216,0.108,0.9055651708957632,1.1208369139342667
2016,Mayang,20272,-1.2936109732545618,Low,0.009878082045065201,4.831294667142508e-6,-0.8274343385500565,0.4079909243505964,0.44,0.22,0.8288027696453013,0.42971234029154326
2016,Miluo,60517,4.0045493898985525,High,0.013655216592874782,4.464112146951214e-6,3.7566630406053845,1.7219410198505568e-4,0.008,0.004,0.8276460277696762,0.49237603597325386
2016,Nan,31103,-0.05512753651240682,Low,0.011187522127109573,4.95239797786843e-6,0.02031634384204278,0.9837910179773688,0.832,0.416,1.103825056124639,1.7397218884378711
2016,Ningxiang,87826,3.2610422767931264,High,0.015109510639023162,4.532699476535063e-6,1.6481609778150508,0.09931964203187432,0.156,0.078,0.9232573962128908,0.7769546451101994
2016,Ningyuan,18658,-1.2609926490074173,Low,0.01007631818996334,3.819441576714246e-6,-0.7767375651638034,0.4373136190910241,0.472,0.236,0.700600846393618,0.5687021574485729
2016,Pingjiang,24369,3.2258999836135502,Low,0.010203077652193271,4.784691772659115e-6,4.624434863972686,3.756210946800554e-6,0.004,0.002,0.975107255661685,1.1014229949946062
2016,Qidong,26598,-0.9102645142354306,Low,0.01078858020599762,4.39197419792106e-6,-0.6918949125011108,0.48900332579544287,0.58,0.29,0.6857803088856542,0.22265110785108178
2016,Qiyang,30037,-0.8154753104919293,Low,0.011068430085293134,4.57653755911956e-6,-0.7100408878146738,0.47767878117308676,0.508,0.254,1.0366419035607353,1.6491827794159475
2016,Rucheng,16448,-0.029388570620262587,Low,0.009135898278428152,5.507080304420984e-6,0.910986501644407,0.3623024859455612,0.372,0.186,1.068588967702817,1.383282056560546
2016,Sangzhi,21008,-1.3299057471159286,Low,0.010093716969431774,4.8181963514671724e-6,-0.8601162123712072,0.3897249852047426,0.384,0.192,0.9534336113236962,1.1245342047711153
2016,Shaodong,36527,-1.2128089004995692,High,0.011393429830409281,4.111939536649659e-6,-1.4348864355766473,0.1513194616371587,0.092,0.046,0.5953697963077917,0.31333315659938954
2016,Shaoshan,79293,3.357078251896232,High,0.01696451822540386,5.6499802536560655e-6,1.9645518145835221,0.04946613363817708,0.12,0.06,1.0712630198346869,0.7161966777056428
2016,Shaoyang,13932,-2.136350339230004,Low,0.009912716531759297,4.441855619918428e-6,-1.5666436647546687,0.11719800550755807,0.036,0.018,1.0328087526064014,1.7476175337889446
2016,Shimen,39871,-0.11270683213652564,High,0.011815910476667326,5.488460666137169e-6,-0.3159374448090222,0.7520499896140256,0.928,0.464,0.9020110294320487,0.5507101943799748
2016,Shuangfeng,25017,-0.22615639016795613,Low,0.010661330394754072,5.54898195844335e-6,0.07016798577415519,0.9440599551496084,0.78,0.39,0.8380157514576494,0.6185006975838774
2016,Shuangpai,26379,-0.9876002557630149,Low,0.010141923123136767,5.7230218060463715e-6,-0.7523045254046552,0.45186794703347993,0.452,0.226,1.292288963301055,1.924715231145905
2016,Suining,22734,-2.066757447274418,Low,0.010730558737113823,4.7315020164871024e-6,-1.822742259352193,0.06834243659827913,0.016,0.008,0.8550177598899289,0.694329073341919
2016,Taojiang,28676,1.6508702749930506,Low,0.010914716324585983,4.2855633224973945e-6,1.9909601629536284,0.04648526705727741,0.072,0.036,0.7309450711032679,0.28964846276596656
2016,Taoyuan,36171,-0.5080493817275976,High,0.01151149214594831,3.505852019859283e-6,-0.56834680773684,0.569799501429076,0.624,0.312,0.5831891219354193,-0.04632921079761676
2016,Tongdao,17587,-1.5750803137835767,Low,0.009074331741633523,6.110565386430899e-6,-1.023261078991536,0.30618442082463293,0.2,0.1,1.2613937031598461,1.7109743241846083
2016,Wangcheng,98877,5.452819219022512,High,0.016276825582536656,4.1867703215407845e-6,3.9267322885441174,8.610773061181353e-5,0.012,0.006,0.9300987135961359,1.296195818940629
2016,Wugang,17286,-2.500022475960516,Low,0.009899614309202108,4.493953190717538e-6,-2.109713076738044,0.034883077445588793,0.004,0.002,0.7242319814764482,0.06183446569733908
2016,Xiangtan,42403,4.341135039981909,High,0.011744712509299544,3.9089770014268784e-6,4.169394044082346,3.054105593462849e-5,0.004,0.002,0.7900521391616335,0.867913335053216
2016,Xiangxiang,45462,1.911317620370396,High,0.012359197430523963,4.7938731409673035e-6,1.7750787237469687,0.07588488950412735,0.128,0.064,0.9935860960592375,1.0805933336176121
2016,Xiangyin,48145,2.072047270596746,High,0.012401206192828897,4.8239997742358505e-6,1.9373244302493493,0.05270569774546786,0.084,0.042,1.1350291021339367,1.7369696269130674
2016,Xinhua,19720,-1.0479295902872126,Low,0.010159436067586047,4.952267998570136e-6,-0.5770482701251675,0.5639068479979343,0.652,0.326,1.0371610702633627,1.5360949444944252
2016,Xinhuang,21709,-0.8971292901729384,Low,0.008493502125121753,6.0401737267266145e-6,-0.29118407575942423,0.770910540861268,0.936,0.462,2.097974086224424,4.999854151360064
2016,Xinning,16172,-2.025631093645152,Low,0.009394139475909577,4.911245939784059e-6,-1.6486065125303262,0.0992282736630841,0.012,0.006,0.7993978672491648,0.5271108549791701
2016,Xinshao,16397,-0.9259267367134042,Low,0.010012306099385145,4.734324432768836e-6,-0.38941806025316933,0.6969669142090007,0.832,0.416,0.7781079473463387,0.30355221839193813
2016,Xintian,20464,-0.5565515189689069,Low,0.00991127360399438,6.308327223048194e-6,-0.0368645066293754,0.970593040106082,0.8,0.4,1.032648158693921,0.8948149915121504
2016,Xupu,18475,-1.8590669789634358,Low,0.010375466920982226,3.746343248395857e-6,-1.5037301405906205,0.13265086520471406,0.092,0.046,0.631219896958964,0.4004912376973482
2016,Yanling,33043,0.6680110657876102,Low,0.011258207853172063,4.846579099927404e-6,0.8229544873365607,0.4105338755741477,0.392,0.196,0.7079642381003625,0.49536054181960676
2016,Yizhang,33840,1.047518466012975,Low,0.011305068653540045,5.641494800870596e-6,1.2489205841048867,0.21169412204312968,0.216,0.108,1.2880971314250396,2.8545559801686196
2016,Yongshun,13666,-2.1569650138353254,Low,0.009403701671541533,4.882708615919248e-6,-1.6063843184430446,0.10818949424632576,0.016,0.008,1.001510329331947,1.0392920183970418
2016,Yongxing,58464,1.8967667095740919,High,0.013344294499356377,4.635638755600259e-6,1.3303225100122027,0.18341203367349632,0.208,0.104,0.7779716750079437,0.4357980519559086
2016,You,52460,0.951771924463313,High,0.012987790182024422,5.48086542491148e-6,0.34468830652041804,0.7303287100553444,0.628,0.314,1.058711096829677,1.6576382340862388
2016,Yuanjiang,36998,0.11545651663090876,High,0.011601317039894731,5.646882643891944e-6,0.02408350478040904,0.9807860007855831,0.832,0.416,0.959355894847424,0.7408590071487198
2016,Yuanling,29374,-1.8780927135633496,Low,0.010852238298129365,3.656844697443913e-6,-1.792204923468377,0.073100146288281,0.012,0.006,0.7854983208835076,0.5362851905614257
2016,Yueyang,38948,0.8111171228517796,High,0.011463023110892794,3.793311086340046e-6,0.8754703683953928,0.381318026228436,0.376,0.188,0.7078607999470398,0.635326144967669
2016,Zhijiang,28689,-1.0740261465237546,Low,0.010783907614566731,4.8406852475271345e-6,-0.9834110799682583,0.325405159269328,0.292,0.146,1.0206096036967462,1.1175548957589978
2016,Zhongfang,41634,-0.8437815107643122,High,0.012035371947606127,5.6606109372215e-6,-1.1882158456072573,0.2347483824461608,0.156,0.078,0.9140930771927483,0.9322045346560421
2016,Zhuzhou,42956,3.887121609740757,High,0.011963490578453579,4.944284452318336e-6,3.881251659805369,1.0392023531385848e-4,0.004,0.002,0.8719800766945178,0.571823507611954
2016,Zixing,94267,1.573018681739437,High,0.015520306636305154,3.5510310319548462e-6,-0.348744294882568,0.7272812869661762,0.836,0.418,0.666226306721549,0.2480964929952707
2017,Anhua,24141,-0.5278419282492024,Low,0.010455695204612139,3.330117862968779e-6,-0.13191344184770995,0.8950527564860415,1,0.5,0.6815151865431553,0.2508389174772918
2017,Anren,22670,1.0115558484695013,Low,0.0104256688495932,3.783393294008142e-6,1.5490480127004764,0.12137017872218918,0.14,0.07,0.7378523884253044,0.45357338572823114
2017,Anxiang,33070,0.21886798174719438,Low,0.011102128570004467,4.978886662973623e-6,0.3622769197087118,0.7171451038462351,0.608,0.304,0.9233771145233404,0.8528615138163724
2017,Baojing,17599,-1.8548384022379785,Low,0.009734932882823863,4.696705267452005e-6,-1.386926443404407,0.1654641935271355,0.076,0.038,0.7886014465298787,0.4687620324424673
2017,Chaling,28907,-0.2732431692714173,Low,0.010608755552718487,5.991008756403641e-6,-0.02567007962271009,0.9795204889916515,0.82,0.41,0.9823378074723063,0.8873283949389354
2017,Changning,37591,-0.03320957374366643,High,0.01141184141779404,4.824733252763748e-6,-0.05972214309707963,0.9523769355696012,0.868,0.434,0.9778457054633374,0.9456497300489213
2017,Changsha,144225,6.202805354035791,High,0.019573884442104672,3.54303722679032e-6,3.292331720784322,9.936033990642847e-4,0.012,0.006,0.845531830230956,0.6755172192759669
2017,Chengbu,14163,-2.152802121327548,Low,0.00931551584363332,5.983237833259405e-6,-1.552503753493751,0.1205417352944452,0.028,0.014,1.0597651726142805,1.1208622731775595
2017,Chenxi,22699,-1.4555804549445877,Low,0.009998581863104612,3.91332527068166e-6,-1.1484143849795878,0.2507975380679947,0.184,0.092,0.9322389441325314,1.096578168558172
2017,Cili,29654,-0.40780983003127397,Low,0.010489627021923626,5.625753511432603e-6,-0.14604927632682552,0.883882488560309,0.912,0.456,1.22234679368857,1.782414977704347
2017,Dao,29059,-1.1281375649141114,Low,0.010666132252238385,5.971410541368449e-6,-0.9681442950244149,0.33297231058775917,0.288,0.144,1.3132517776928017,2.153820421433016
2017,Dongan,29552,-1.3114023666581003,Low,0.01068285415405945,5.593568690252124e-6,-1.2177874860986027,0.22330474095670852,0.092,0.046,1.1299543596394854,1.3306140255000276
2017,Dongkou,19764,-2.0102466116524145,Low,0.009912290100121963,4.578185394860105e-6,-1.6691295556344752,0.09509170705385497,0.028,0.014,1.0038629437954665,1.18112624393122
2017,Fenghuang,23651,-1.2229093034812932,Low,0.01005105613845974,5.139416798405136e-6,-0.8857705360537829,0.3757411899685912,0.364,0.182,0.8620746439893633,0.49287807012450857
2017,Guidong,14717,-0.14279080728093313,Low,0.008603390339124859,5.029425775761906e-6,1.0402604561869342,0.29821891066643563,0.296,0.148,1.2535870522423873,1.6314020510015403
2017,Guiyang,49612,1.487896706626566,High,0.012025042305444825,3.655233881729917e-6,1.166433826264535,0.24343908883592164,0.232,0.116,0.9629358006069946,1.5472615353377357
2017,Guzhang,18797,-1.7144341425771203,Low,0.009825740790592265,4.723376829860596e-6,-1.2633726175023656,0.20645530006697987,0.1,0.05,0.9975811970006779,1.291478393948256
2017,Hanshou,33863,-0.1843898336677068,Low,0.0112608764399238,5.394064552908612e-6,-0.15412190483599292,0.8775136170696528,0.932,0.466,0.7803259740077597,0.11833520386253582
2017,Hengdong,43995,0.671694417665621,High,0.011887640865327748,4.852666832754392e-6,0.4703642838612056,0.6380947770082532,0.528,0.264,1.0495183588387742,1.5203407132864015
2017,Hengnan,33691,-0.3326877899026923,Low,0.011157057628785473,3.786076844078272e-6,-0.2659086199907416,0.790309586235995,0.908,0.454,0.6359376232525819,0.10548197728392639
2017,Hengshan,41912,0.13535375749262843,High,0.01194143266116118,4.60227871513344e-6,-0.11168927754093007,0.9110697814151372,0.964,0.482,0.815586527746108,0.5491909601134419
2017,Hengyang,30744,-0.44007615906375314,Low,0.010917768199082236,4.956095300131042e-6,-0.29363139859108073,0.7690395802738582,0.912,0.456,1.0777709527826154,1.6116973153103684
2017,Hongjiang,27487,-1.4024178023644516,Low,0.010657313812268168,4.313986093077276e-6,-1.2282555132046253,0.21935106530581833,0.136,0.068,0.8101331159945596,0.5611926622491721
2017,Huarong,42786,0.2971223964935715,High,0.01229927727911013,6.191461027534668e-6,0.025904097790841525,0.9793338315802538,0.692,0.346,1.491242392981513,2.0664052255603966
2017,Huayuan,22265,-1.0835106753970858,Low,0.00973860434675095,6.362169941339933e-6,-0.6412714554435753,0.5213463314637556,0.572,0.286,1.3831121843265344,3.168477008584767
2017,Huitong,21574,-1.286497590413603,Low,0.009979218656781433,5.085507296202332e-6,-0.9351639881325717,0.34970379418661585,0.352,0.176,0.9501220901212164,0.7797348562950512
2017,Jiahe,43409,-0.05797320171373142,High,0.012006499373874695,4.6494456586296565e-6,-0.36531485015433474,0.7148763944999464,0.796,0.398,0.9713729598868934,1.1650167402176246
2017,Jianghua,25827,-1.1454086932675749,Low,0.010317964428970757,4.712202514179287e-6,-0.951064016484759,0.341571879825231,0.296,0.148,1.1162979910176996,1.8598792513095779
2017,Jiangyong,26617,-0.8792207071480923,Low,0.009790431303726728,5.3534085974692664e-6,-0.5991165909259533,0.549095138758297,0.608,0.304,1.322267181764993,2.0061256993531194
2017,Jingzhou,31094,-1.1598329954976034,Low,0.010691413569236922,5.238344607958312e-6,-1.222816911077254,0.22139885666849027,0.092,0.046,1.1368557666606836,1.2183280926802569
2017,Jinshi,55037,0.7836141287966074,High,0.013215060401086304,4.6350768150236e-6,0.1283722466883664,0.8978543933469242,0.74,0.37,0.8715785244095845,0.7106344002722964
2017,Jishou,44817,-1.1490838936869472,High,0.012191376258537919,5.395996488682857e-6,-1.592300748795026,0.11131714478833031,0.02,0.01,0.9991964075797138,1.2501033766873286
2017,Lanshan,31412,-0.47912482121843764,Low,0.011068557506754251,6.428384603563295e-6,-0.3967462191958786,0.6915546134133915,0.86,0.43,1.0983672892131615,1.4036559284489298
2017,Leiyang,36312,0.36114186865400416,Low,0.01143219144393155,5.46230333899487e-6,0.3567502353697441,0.7212787943467763,0.608,0.304,0.962904900921454,1.424349517063109
2017,Lengshuijiang,74509,0.6233830524376286,High,0.015946903940075505,4.893503724396066e-6,-1.2285556700814608,0.21923844480562515,0.12,0.06,1.2495904911074884,1.9274678301919055
2017,Li,41246,0.5822766656705983,High,0.011842840609821425,5.6595745837405726e-6,0.46317645688474646,0.6432378901813001,0.524,0.262,1.09139456907885,0.9567613778154196
2017,Lianyuan,26939,0.3808816000055675,Low,0.010646872804231749,3.5857063475405947e-6,0.7911367396507102,0.4288642019155014,0.388,0.194,0.7990116817651985,0.6199677462961901
2017,Liling,62025,2.9267877639711064,High,0.01438576287922437,5.385708055500488e-6,2.4719256693658656,0.013438745513660992,0.064,0.032,1.3309407688964805,2.2166830918686093
2017,Linli,37346,0.6136509585027455,High,0.011486092685802174,5.290138721741555e-6,0.671222048897465,0.5020790844821847,0.416,0.208,1.1472890439748236,1.7851954894147877
2017,Linwu,41595,0.4818369435443233,High,0.011714074824660083,4.8413617278269935e-6,0.4353594197061618,0.6633015609447123,0.604,0.302,0.9656720315434728,0.7936829724270509
2017,Linxiang,44893,0.5402300353462762,High,0.013129923849229506,4.987524732933034e-6,0.15486766318131337,0.8769256470736261,0.648,0.328,2.128608625838346,5.512533633266722
2017,Liuyang,98683,4.889524319946835,High,0.017615654690778904,4.662020267177782e-6,3.2534855887351544,0.0011399850750133422,0.028,0.014,1.0724917505729135,1.5040377067465958
2017,Longhui,14860,-2.583692612760584,Low,0.00956572090609319,4.520158039340335e-6,-1.9770235501695785,0.04803896825885083,0.004,0.002,1.0251926352745486,1.3806712804868093
2017,Longshan,15911,-1.9838148308545107,Low,0.008771053611065116,4.822120787702628e-6,-1.5229137052848896,0.12778029646221345,0.02,0.01,1.1306807647637804,1.289951854286815
2017,Luxi,19253,-1.6183861009859635,Low,0.010047522032416625,4.379769859993882e-6,-1.1673154357847797,0.2430830073157206,0.152,0.076,0.9152308984632217,1.184298995623628
2017,Mayang,21572,-1.3856449829889264,Low,0.009925326980540538,4.640169230621126e-6,-0.9395152338008063,0.34746627455940654,0.32,0.16,0.8851679630712719,0.6047684541982359
2017,Miluo,59092,3.837187260971821,High,0.013347190148128556,4.269289024209844e-6,3.6800953601491413,2.3314674971504937e-4,0.008,0.004,0.8556712962535593,0.6802180767015984
2017,Nan,33248.83,0.06514694064131564,Low,0.011255053841863984,4.806274627367115e-6,0.11855044966878507,0.9056315238358981,0.76,0.38,1.1807222249824818,1.991020757182806
2017,Ningxiang,85867,3.2504774470544175,High,0.014738990479915792,4.416151703323926e-6,1.7598123109265509,0.0784396350248876,0.128,0.064,0.98006015815746,0.9296476862507959
2017,Ningyuan,20528,-1.1854572399604018,Low,0.010148104474227699,3.6709022706906066e-6,-0.7120214780758538,0.47645147605235505,0.516,0.258,0.7589780705087016,0.772792265395867
2017,Pingjiang,26209,3.346725912929494,Low,0.010297732931159776,4.611645703678312e-6,4.728108344844551,2.266212560314052e-6,0.004,0.002,1.0598247318453884,1.4702559380428655
2017,Qidong,27371,-0.8717945485546978,Low,0.010781477783687463,4.283926485307775e-6,-0.6353378058241917,0.5252081216359917,0.624,0.312,0.7134816992296266,0.3218437367236655
2017,Qiyang,31801,-0.777590964649371,Low,0.011105776182769615,4.43303200336061e-6,-0.6812219045922656,0.4957310897836479,0.524,0.262,1.0870816237108194,1.7589557743274549
2017,Rucheng,17609,-0.02050470496905045,Low,0.009182018675415952,5.140906402560669e-6,0.9351219200746504,0.3497254711739985,0.348,0.174,1.064804172696888,1.3392405945503958
2017,Sangzhi,23338,-1.3309359265055303,Low,0.010202881282417793,4.553920105313535e-6,-0.9047076679587925,0.3656202777358954,0.344,0.172,0.9713381867296828,1.1718753206105692
2017,Shaodong,40829,-1.1365025469454484,High,0.011602020468981782,3.91970250899076e-6,-1.4537470681451383,0.14601644348507611,0.076,0.038,0.6346995687250669,0.4081004379742268
2017,Shaoshan,85484,3.4974077564242254,High,0.01733814755114432,5.389136924872249e-6,1.9349499049526273,0.052996443313669345,0.132,0.066,1.1226428440573266,1.0091566045332128
2017,Shaoyang,15068,-2.1320016428541,Low,0.009963412774506684,4.276864794402224e-6,-1.5663671451786765,0.1172626899475454,0.032,0.016,1.050093991263206,1.8047509803586452
2017,Shimen,41855,-0.03429398243438758,High,0.011852722980312019,5.248131927349941e-6,-0.25089586498979444,0.8018946214464417,0.964,0.482,0.9140825445011463,0.5998014242412038
2017,Shuangfeng,25791,-0.10309415437826919,Low,0.010622241057047111,5.1863759860862575e-6,0.22040253962219758,0.8255576677093184,0.684,0.342,0.8318003582707715,0.595559985423852
2017,Shuangpai,29085,-0.8973074871529431,Low,0.010323665845717183,5.48764418557256e-6,-0.7023593879626568,0.4824550655578756,0.504,0.252,1.327450531575393,2.2090535853513673
2017,Suining,24243,-2.058689854772739,Low,0.010764650421335181,4.534157554309984e-6,-1.822634716596486,0.06835873391510543,0.016,0.008,0.8847135557344669,0.8318186909576002
2017,Taojiang,31596,1.599962076062,Low,0.011040674658866472,4.161815858642626e-6,1.8650125027892315,0.06217965172112223,0.108,0.054,0.769844668190291,0.47349172521124183
2017,Taoyuan,38614,-0.39485386938366135,High,0.01154726657103278,3.3271865704242427e-6,-0.4825750323127015,0.629397510671547,0.716,0.358,0.6198140696331197,0.05816701804485014
2017,Tongdao,18919,-1.566816105077983,Low,0.009147734602753662,5.90493773898929e-6,-1.0176837680086466,0.3088282636512974,0.196,0.098,1.3233095564364645,2.0425900532108585
2017,Wangcheng,99573,5.290926190018085,High,0.016035852424946703,4.056207477377988e-6,3.7820862720607695,1.5551943989280527e-4,0.012,0.006,0.9919260127162182,1.5513437497152935
2017,Wugang,17767,-2.5354189208474316,Low,0.009891339833760195,4.331672547845113e-6,-2.122157162156662,0.033824542514843174,0.004,0.002,0.7491943570680416,0.1023608393237394
2017,Xiangtan,45406,4.5106043185398335,High,0.011809172651550638,3.662805315987793e-6,4.3472934572262085,1.3782775823073348e-5,0.004,0.002,0.7972130033859341,0.8608099611264395
2017,Xiangxiang,48812,1.9781374440518193,High,0.012478211169004905,4.557609216804517e-6,1.7930626412175796,0.07296290839625022,0.124,0.062,1.0445430629453498,1.2690100481993039
2017,Xiangyin,43257,1.820133764656313,High,0.011825225495404913,4.605971455796358e-6,1.9039341156920948,0.0569187652960341,0.1,0.05,1.1244437588677192,1.6819525908247241
2017,Xinhua,19891,-1.2781946173511949,Low,0.010115450450476364,4.7720864713521965e-6,-0.7876841433193118,0.43088148287592226,0.472,0.236,1.0494357607235965,1.5793229062173673
2017,Xinhuang,20545,-1.1305720570508895,Low,0.008066792535666828,5.857203931619178e-6,-0.46417467599117823,0.6425226031553433,0.8,0.394,2.195093845452562,5.818895960447016
2017,Xinning,17228,-2.066484647799686,Low,0.009417314592756281,4.668624253856708e-6,-1.6961825233192518,0.08985131913425899,0.008,0.004,0.8330294168337734,0.5791815405881637
2017,Xinshao,16893,-1.1127756508855353,Low,0.010000411218580035,4.59154324514784e-6,-0.570024905788279,0.5686608058958639,0.656,0.328,0.8401508839303549,0.4431865557451271
2017,Xintian,22611,-0.5480375775547425,Low,0.010073273338194372,6.118748571664436e-6,-0.07994786471028827,0.93627872110055,0.848,0.424,1.045443853282855,0.8913055321422445
2017,Xupu,18872,-1.9708770575325467,Low,0.010357915937502767,3.6146810097857297e-6,-1.5975340339234663,0.11014671750814471,0.06,0.03,0.6760186567243734,0.5614765165544537
2017,Yanling,33921,0.5896321129463566,Low,0.011213733663201136,4.679262217701504e-6,0.7503544229270237,0.45304127310608144,0.42,0.21,0.7390021085761416,0.5799596711494468
2017,Yizhang,36914,1.111841903991324,High,0.01147381004485843,5.459258869059273e-6,1.244972191115464,0.2131419725087216,0.212,0.106,1.3959415727159141,3.4455095004159846
2017,Yongshun,14511,-2.23187485996742,Low,0.009419365324880422,4.60347189843797e-6,-1.6928894593181145,0.0904765100684083,0.008,0.004,1.0516485826910362,1.3353008630478316
2017,Yongxing,59964,1.804578721961551,High,0.013266678218485308,4.394347660176421e-6,1.2430724235828636,0.21384114661165513,0.244,0.122,0.8077036349356747,0.5482565097245398
2017,You,55186,1.027608783655973,High,0.013040749818312726,5.262664156291101e-6,0.3881493328277043,0.6979055258999093,0.596,0.298,1.115932782577784,1.9130361568094623
2017,Yuanjiang,41210,0.1561856039852054,High,0.01184234267308584,5.465857992567789e-6,-0.03783984250097249,0.9698153773842638,0.88,0.44,1.0039303129670913,0.9078413333552899
2017,Yuanling,25623,-2.031170788856497,Low,0.010551032173402204,3.4724126374589593e-6,-1.799940500371798,0.07187003373909445,0.016,0.008,0.8133773682643565,0.6269333317293895
2017,Yueyang,40238,0.6705443419287629,High,0.011434171266400634,3.549935813517283e-6,0.7370373734655781,0.46109962196334153,0.436,0.218,0.6969184393821476,0.612635551346643
2017,Zhijiang,25905,-1.2374543133848608,Low,0.010442835039947945,4.61789617250028e-6,-1.0102979759179775,0.3123525506083245,0.268,0.134,1.0930377927782695,1.4659839499172538
2017,Zhongfang,43240,-0.9390285971368466,High,0.012029563568152274,5.44252903189854e-6,-1.2911490733908606,0.19665199028855926,0.092,0.046,0.958076104670166,1.179210922282528
2017,Zhuzhou,45673,4.157741012397827,High,0.012030609841430775,4.7422799922805565e-6,4.128389420319897,3.653130484275874e-5,0.004,0.002,0.9332367266788064,0.76300601448248
2017,Zixing,94905,1.5285235645058863,High,0.015312354550717172,3.4269748096187148e-6,-0.33622181605788853,0.7367036027332845,0.868,0.434,0.7368071486962298,0.46408526396486627
2018,Anhua,27110.04,-0.5512860376269664,Low,0.010554169578445386,3.0440525248286027e-6,-0.18973965007493782,0.8495131488845706,0.916,0.458,0.5831277389330759,0.07359668980845813
2018,Anren,23797.66,0.8824677254526666,Low,0.010406943417812405,3.42673673074727e-6,1.4464956818040475,0.14803822231463568,0.168,0.084,0.6880849115330958,0.3254366809450211
2018,Anxiang,36358,0.37584367576964245,Low,0.011192149429228733,4.5446202966651525e-6,0.4992177021332345,0.6176260250482211,0.52,0.26,0.8188238763166389,0.6059535347720839
2018,Baojing,19069.44,-2.004192397268147,Low,0.009756014068471501,4.244905760584864e-6,-1.5303408973995085,0.12593237010493885,0.044,0.022,0.6868389372455503,0.22762417156882409
2018,Chaling,31356.85,-0.3930696397587059,Low,0.010653870579605597,5.4464139158242256e-6,-0.17504878514772887,0.8610413003297,0.996,0.498,0.8932307055374652,0.7017619956783596
2018,Changning,40762.36,-0.03350966691902959,High,0.011473116170610123,4.339496670781944e-6,-0.09076473259019915,0.9276795336587056,0.924,0.462,0.8635263536966575,0.5816894533430741
2018,Changsha,141720.7,6.037181620273832,High,0.018724713240050275,3.3505074427636977e-6,3.2614901129008325,0.0011082829745777975,0.012,0.006,0.8189760745095455,0.6464100913501478
2018,Chengbu,15182.39,-2.251891026382896,Low,0.009308452723049976,5.3541437631873355e-6,-1.6240632101285033,0.10436231874929812,0.032,0.016,0.9533222178816406,0.8616936853210837
2018,Chenxi,25075.84,-1.5607238639821903,Low,0.010072821074682343,3.549146709422322e-6,-1.2826525244686904,0.19961383965638746,0.104,0.052,0.8370278862484161,0.8123533408837336
2018,Cili,31216.77,-0.36005431252966735,Low,0.010441766011209353,5.1338494705195505e-6,-0.045232391006174086,0.9639220763739889,0.852,0.426,1.1006127387328573,1.3616401681427748
2018,Dao,32583.66,-1.0556396493287394,Low,0.010815560681278999,5.361336110874023e-6,-0.9401984215968755,0.3471157912814523,0.324,0.162,1.209366854181168,1.8303732707463096
2018,Dongan,32449.15,-1.3084502939846039,Low,0.010775991392385614,5.041172221188346e-6,-1.2426348002137884,0.21400243996119503,0.104,0.052,1.0236395975336803,1.05886225453649
2018,Dongkou,21365.84,-2.083829008141528,Low,0.009932086202887984,4.173291600367356e-6,-1.7222012659332049,0.08503306561536043,0.024,0.012,0.8930429769897794,0.8798011083854265
2018,Fenghuang,24201.51,-1.393046863162494,Low,0.009952859507735856,4.669878203478151e-6,-1.0112407058931305,0.3119012375628167,0.276,0.138,0.7702396687034798,0.3132763360761386
2018,Guidong,15813.21,-0.18268379087894826,Low,0.008636513225200758,4.588915851658222e-6,1.0304412696077594,0.30280290854950953,0.296,0.148,1.1317925460025602,1.3482922787607192
2018,Guiyang,52246.09,1.5167951076688129,High,0.011990854199695342,3.3426365081095513e-6,1.1896506918550669,0.23418371300380633,0.216,0.108,0.8958516025853902,1.4008915650588794
2018,Guzhang,19185.73,-1.8683627999367476,Low,0.009762630386285491,4.2896350348962305e-6,-1.3697574034625835,0.1707626430164992,0.092,0.046,0.8943698522598318,1.0770332736107973
2018,Hanshou,36743.3,-0.0987482415377916,Low,0.011302689142138406,4.915766722146375e-6,-0.07830403116194026,0.9375862109076312,0.904,0.452,0.7094165450175947,-0.006314542478630614
2018,Hengdong,45690.89,0.5680550016077144,High,0.01180028033969013,4.4150436748567915e-6,0.38916315198235213,0.6971554596068352,0.572,0.286,0.9515456701621167,1.2559383582725427
2018,Hengnan,35273.61,-0.3826438340307745,Low,0.011121275921120066,3.395278642434239e-6,-0.2980847699210479,0.7656384653321264,0.888,0.444,0.5703362922149023,0.011992730127711848
2018,Hengshan,46481.11,0.2420845734845207,High,0.012086228033075956,4.134045406449518e-6,-0.07257496953700522,0.9421443455969418,0.96,0.48,0.7015300840655322,0.2840260166487365
2018,Hengyang,32826.89,-0.38965656709299157,Low,0.010915136253649347,4.4661911703416555e-6,-0.22573835779622745,0.8214049227969966,0.96,0.48,0.9778074400712226,1.3434800670888665
2018,Hongjiang,30060,-1.4548393329602076,Low,0.010719854378504728,3.884353668507857e-6,-1.3033438239695057,0.19245740581239248,0.108,0.054,0.7303590773225631,0.44061964457596625
2018,Huarong,46936.05,0.40032358817762886,High,0.012494710356979358,5.481104858619291e-6,0.06404047327884217,0.94893799991522,0.712,0.356,1.3447426316083648,1.6378860997279086
2018,Huayuan,21065.99,-1.2694194309373326,Low,0.009427898884604918,5.622390210384988e-6,-0.7067317897833223,0.4797331701558114,0.48,0.24,1.1944041688295024,2.307781156950278
2018,Huitong,23701.32,-1.292598665260009,Low,0.010055596450255479,4.628801393179903e-6,-0.9429471522154199,0.3457079350179044,0.356,0.178,0.8455279558655322,0.5309818895108132
2018,Jiahe,45731.97,-0.029403936464220716,High,0.011965211152095447,4.215429906431091e-6,-0.3270186370947747,0.7436537891575967,0.844,0.422,0.8744082574270395,0.9297254880378123
2018,Jianghua,28426.16,-1.075120910272377,Low,0.010389086260439336,4.2015170783403775e-6,-0.8785433135155016,0.3796489430491527,0.368,0.184,0.9917698487850839,1.4708034716366836
2018,Jiangyong,29121.65,-0.8336993514683053,Low,0.009915920780972235,4.890320030175888e-6,-0.5517107024613062,0.5811465761761716,0.688,0.344,1.1376435779833254,1.3164876881074976
2018,Jingzhou,34146.72,-1.167595293993708,Low,0.010799950439282772,4.708664593988343e-6,-1.2710611071365456,0.2037069102771301,0.088,0.044,1.0300375044884404,0.9278162091318287
2018,Jinshi,60435.19,1.0081832789067648,High,0.013384279840063247,4.215615463954012e-6,0.28341893412690505,0.7768557158318752,0.68,0.34,0.7615503330417511,0.444338924921996
2018,Jishou,47485.71,-1.3043938406842068,High,0.012157974800172612,4.822753220746355e-6,-1.7725694125896256,0.07630008390784826,0.016,0.008,0.9156367420454496,1.1142157654467555
2018,Lanshan,35090.04,-0.4164375745552125,Low,0.011205602102697299,5.72339695280959e-6,-0.38329133040629226,0.701503766674231,0.864,0.432,0.9863198140802311,1.06345370815077
2018,Leiyang,37932.34,0.31556706191331174,Low,0.011362753242844062,4.938391526004472e-6,0.3377018391749873,0.7355878886457963,0.64,0.32,0.8368360630783661,1.0479216928205242
2018,Lengshuijiang,76852.12,0.5909115740063768,High,0.01566110942647075,4.516260112790051e-6,-1.2311247584734022,0.21827620690731905,0.14,0.07,1.1179819911356568,1.5268967206215809
2018,Li,45765.96,0.8011200486991308,High,0.011998621312747917,5.057280335699516e-6,0.637241165233294,0.52396776761734,0.456,0.228,0.9985921260859655,0.7578795672994594
2018,Lianyuan,29513.61,0.44581339760832855,Low,0.010700939663422697,3.248349112544331e-6,0.8500818694192975,0.3952795709067356,0.376,0.188,0.7086317436870204,0.407674416599932
2018,Liling,63128.86,2.6513519804798165,High,0.014054872246752951,4.94499760549487e-6,2.1818630766081175,0.029119639621393405,0.08,0.04,1.1992398442638412,1.8375868628262264
2018,Linli,41142.96,0.8420898472193176,High,0.0116157543987778,4.745511433618762e-6,0.8821446123342702,0.3776986096290487,0.344,0.172,1.0132606094930152,1.3839416194973495
2018,Linwu,44286.73,0.502579314808493,High,0.011728111405095928,4.407243571647732e-6,0.44437704086716295,0.6567700098116324,0.624,0.312,0.8585425927072067,0.5858881204608104
2018,Linxiang,51344.05,0.7851997913264651,High,0.013808323720002912,4.552077918962761e-6,0.22207285947075053,0.8242571653616418,0.648,0.328,1.9540236494603143,4.470847956915593
2018,Liuyang,100200.1,4.628753846358502,High,0.017141232051092973,4.251454241058425e-6,2.9929718652835113,0.0027627521667910764,0.036,0.018,0.9465096772691857,1.1633165501241223
2018,Longhui,16191.74,-2.6578836273520836,Low,0.00959530360660741,4.124323435965352e-6,-2.019204647078118,0.04346595352913544,0.004,0.002,0.9720210099821416,1.286983214717651
2018,Longshan,17068.8,-2.0761133713382236,Low,0.008794489607265974,4.422999555759027e-6,-1.586908198101469,0.11253343790736792,0.024,0.012,1.0149243699790464,0.98340587829105
2018,Luxi,19865.15,-1.7689768933962635,Low,0.010016350278986686,3.989362113663794e-6,-1.2811497448098992,0.20014107405376214,0.128,0.064,0.8627284792424608,1.1717137444050367
2018,Mayang,22964.36,-1.4904036914221797,Low,0.00991715796049947,4.18253949430273e-6,-1.0237588609059738,0.30594918597462584,0.244,0.122,0.816450591118731,0.5438731347909549
2018,Miluo,64462.19,3.8829452982652253,High,0.013462973737093022,3.82447930316615e-6,3.642780469478154,2.697088499810493e-4,0.008,0.004,0.7496260860072076,0.46304568407614655
2018,Nan,35325.32,0.18042017727849796,Low,0.011246739100125575,4.34033969854669e-6,0.24733891273637412,0.8046459460941942,0.676,0.338,1.1135701222461936,1.810695687422995
2018,Ningxiang,86096.34,3.383466918834467,High,0.014403805987209022,4.003990392638975e-6,1.9788143422172624,0.04783691311624672,0.084,0.042,0.8897836142405054,0.7239783023313895
2018,Ningyuan,23019,-1.099794360712525,Low,0.010234208337964953,3.3253772447219325e-6,-0.6283552665886865,0.5297712345270715,0.572,0.286,0.6781788985235163,0.6539745816660623
2018,Pingjiang,28944.92,3.290352482613154,Low,0.010391600971837785,4.1032876390695904e-6,4.672982814539904,2.9685661467239087e-6,0.004,0.002,0.9238172016100781,1.076904124228225
2018,Qidong,28171.6,-0.8430607326380869,Low,0.010723569492089273,3.834817909324447e-6,-0.5637994283284428,0.572890640910654,0.676,0.338,0.5939396975355533,0.04481743106342728
2018,Qiyang,35658.51,-0.7169834794755462,Low,0.011213536313865471,3.967994200558819e-6,-0.6692865776683891,0.5033126872471755,0.548,0.274,1.0057893897531867,1.6120117429164589
2018,Rucheng,18562.16,-0.08581907833484473,Low,0.009147287823308797,4.670931003379439e-6,0.9125308742698613,0.3614893244614599,0.344,0.172,0.9785779586639963,1.179525716218639
2018,Sangzhi,24817.69,-1.359724711979024,Low,0.010206672853004493,4.086541105348397e-6,-0.9129370946982994,0.36127562664971036,0.356,0.178,0.8355383794212483,0.8039001764832983
2018,Shaodong,46661.11,-1.0604513548555161,High,0.011830536270920847,3.6084010405156906e-6,-1.47850717536163,0.13927207796014157,0.092,0.046,0.5799868679481283,0.3636899468417045
2018,Shaoshan,93691.87,3.7969679443368314,High,0.017634655701207758,4.807385046934978e-6,2.0666979147586853,0.038762627792266406,0.104,0.052,0.9936467933698605,0.6914583383395576
2018,Shaoyang,16844.35,-2.1463212981093136,Low,0.010008271964601172,3.868493818058779e-6,-1.568488880465866,0.11676708298544758,0.036,0.018,0.9756944020626017,1.6504418248149086
2018,Shimen,46830.37,0.12355921349489318,High,0.012027270849863322,4.7071663974436695e-6,-0.17060335295626752,0.8645356613027204,0.976,0.488,0.8391355473078179,0.4893853287180825
2018,Shuangfeng,28263.26,0.11273409302171271,Low,0.010667850765776345,4.720828609187106e-6,0.4348044670993738,0.6637043621709564,0.568,0.284,0.7600916848914867,0.4586495684855021
2018,Shuangpai,31967.03,-0.8120338654844127,Low,0.010432008465974951,4.966403362686488e-6,-0.6186177043110496,0.5361682358700398,0.616,0.308,1.206506111127999,1.7571012457657282
2018,Suining,25232.11,-2.127947162834251,Low,0.010715078140136567,4.028372425424816e-6,-1.870265615264599,0.06144694192343705,0.016,0.008,0.8072001246928556,0.6641058658890309
2018,Taojiang,34210.58,1.6559892834038104,Low,0.011063144166493195,3.7666494546101734e-6,1.920062497948398,0.054850005570267805,0.096,0.048,0.7051910797394398,0.33227286937811673
2018,Taoyuan,43156.57,-0.2685490780705185,High,0.011629877594622437,3.0127003612116853e-6,-0.41288828215596113,0.6796884666314076,0.756,0.378,0.573398609506906,0.018105151277159948
2018,Tongdao,20627.71,-1.6194723244281015,Low,0.009211324025410179,5.460286081198813e-6,-1.0506589829938142,0.2934152407266601,0.18,0.09,1.18242679250884,1.5166022662521836
2018,Wangcheng,103407.3,5.283469557513522,High,0.015851100065171552,3.7005505287995588e-6,3.7320413225110083,1.899343339217677e-4,0.012,0.006,0.8849541061977402,1.2934147281177397
2018,Wugang,19249.76,-2.6361579556215995,Low,0.009911626928924187,3.954865193985915e-6,-2.196948697941086,0.02802411033967801,0.004,0.002,0.6857474323985592,-0.014947930815592425
2018,Xiangtan,51500.44,4.594989613951103,High,0.011967535233415828,3.295023135941086e-6,4.343954091823223,1.3994077172330026e-5,0.004,0.002,0.7215564431693511,0.6816624817969301
2018,Xiangxiang,54994.68,2.216230817702459,High,0.012720950886910038,4.062322319927787e-6,1.9384350390955571,0.05257016903408957,0.1,0.05,0.9587575086322788,1.0590627282219387
2018,Xiangyin,46861.46,1.961997778034332,High,0.011900368830615049,4.173317460905601e-6,2.018557852461072,0.04353319544196069,0.084,0.042,1.0323673053108575,1.4325347665352757
2018,Xinhua,21889.43,-1.308680941377283,Low,0.010151491784719035,4.315718978253161e-6,-0.8075486516295738,0.4193504565441176,0.452,0.226,0.9456516791064735,1.22119116986123
2018,Xinhuang,22646.38,-1.1328802687154882,Low,0.008197977904634179,5.30365277564621e-6,-0.4538152517160552,0.6499618052132397,0.812,0.4,1.9820335404736518,4.579279903196875
2018,Xinning,18703.7,-2.1209163673234688,Low,0.009446090783156879,4.284091794474207e-6,-1.7187414412949857,0.08566146251322979,0.012,0.006,0.7590950796114405,0.44684565122275144
2018,Xinshao,18509.28,-1.1014043616471283,Low,0.010035119095534268,4.234986480167384e-6,-0.5362507576407683,0.5917852580501016,0.688,0.344,0.7790314850822899,0.37367430821519054
2018,Xintian,24935.12,-0.5128209384093412,Low,0.01015382496606457,5.547273486766909e-6,-0.04840296594042918,0.9613950955987769,0.832,0.416,0.9391349072793335,0.6418122281841443
2018,Xupu,20461.71,-2.044168391463365,Low,0.010367084672187254,3.234395803787817e-6,-1.6625303454878158,0.0964064841244688,0.064,0.032,0.604461432567339,0.4638310965636423
2018,Yanling,36828.71,0.5883808781464406,Low,0.011264753042711245,4.275478203862016e-6,0.7237330735688787,0.4692296242324815,0.44,0.22,0.6497527823168305,0.38452110221406866
2018,Yizhang,38803.83,1.0887826200322843,Low,0.011414333825101592,4.8574080540061775e-6,1.252260288247008,0.21047503419603342,0.212,0.106,1.242931607672519,2.8492194132403643
2018,Yongshun,15521.63,-2.3793375761853808,Low,0.009418578677641749,4.136355827752323e-6,-1.8225183330697619,0.06837637458554303,0.008,0.004,0.955471450006902,1.0664692781878884
2018,Yongxing,62761.83,1.7977599642088864,High,0.01318669586445998,4.023268540080299e-6,1.2200594084876204,0.22244235476708116,0.24,0.12,0.6992943547208679,0.34163926081287155
2018,You,52287.95,0.7225778314554976,High,0.012498537703983962,4.722641281060148e-6,0.26756209621698723,0.7890364102674364,0.664,0.332,1.0174970450990903,1.6659183612745974
2018,Yuanjiang,44550.83,0.24091521654319295,High,0.011887456457420117,4.969281395535917e-6,0.021726286870219234,0.9826662948293327,0.844,0.422,0.9484367531554941,0.8138946447646367
2018,Yuanling,25896.41,-2.1329074884102632,Low,0.01047362481014923,3.152820449545611e-6,-1.8413662468020855,0.06556790564661692,0.016,0.008,0.7556910837793186,0.4446248417828862
2018,Yueyang,44208.33,0.8804708155267819,High,0.011526735161079181,3.2782970613093807e-6,0.9159546141905776,0.35969070003154097,0.356,0.178,0.6417617174339458,0.5419096524869027
2018,Zhijiang,28276.74,-1.2697664205236643,Low,0.010502718236186294,4.13190504782558e-6,-1.0602554431901074,0.28902840392375995,0.24,0.12,0.9742131220080348,1.087762395821124
2018,Zhongfang,44407.66,-1.0010078134733533,High,0.0118987968924567,4.960496575381872e-6,-1.3078562723972744,0.19092206344458973,0.112,0.056,0.8595517605806905,0.8500063339502244
2018,Zhuzhou,45358,3.856533613510848,High,0.011792653645116719,4.292513839505837e-6,3.903204643159433,9.492737389971518e-5,0.004,0.002,0.8556507549557559,0.5795349412678865
2018,Zixing,98871.2,1.502608678048782,High,0.015175379726744993,3.1244189208441773e-6,-0.3977827814199911,0.6907903106246197,0.82,0.41,0.6342956546756883,0.19050508109967312
2019,Anhua,26984.9,-0.7517024773386582,Low,0.010463967581724968,2.8181583546447643e-6,-0.36506261776054,0.7150646646876071,0.816,0.408,0.6536795282671365,0.2363964965754901
2019,Anren,27186.84,0.6587181477995696,Low,0.010522608365171295,3.192417760601859e-6,1.169981770295109,0.24200830504728005,0.26,0.13,0.7980078011777038,0.6351438331080677
2019,Anxiang,39667.81,0.4683681345029986,Low,0.01132682113906706,4.315429186598757e-6,0.5385924925796323,0.5901680688755694,0.488,0.244,0.9110034268621044,0.8602629272515001
2019,Baojing,23898.43,-1.6923551029783093,Low,0.010034718197090889,3.955214745362374e-6,-1.297686735567211,0.19439500353037595,0.116,0.058,0.8251389044135126,0.5511440363187714
2019,Chaling,36308.86,-0.07836169877143433,Low,0.010946416440678352,5.025963233666674e-6,0.08938547069777855,0.9287755699519817,0.744,0.372,1.0910787103735622,1.3624623675222125
2019,Changning,41584.05,-0.26675621723222775,High,0.011350087481991778,4.0681851287489056e-6,-0.29882288157960973,0.7650751912153109,0.88,0.44,1.0436755202700523,1.289790708257935
2019,Changsha,155564.46,6.579432171885528,High,0.01911288994386444,2.923090980077624e-6,3.7322094050203907,1.8980760642806356e-4,0.004,0.002,0.7660112099890186,0.3862189161578806
2019,Chengbu,19441.07,-2.1483476810103865,Low,0.009587995401401454,4.953867825968171e-6,-1.6256169444293334,0.10403116832948106,0.016,0.008,1.0683627278259995,1.169202888593258
2019,Chenxi,23798.83,-1.6389339915062908,Low,0.009852884276301327,3.2593637569490304e-6,-1.2604361026256734,0.2075120847869261,0.136,0.068,0.9640014656379932,1.2200591431075036
2019,Cili,28834.75,-0.4789225310795207,Low,0.009993032980654503,4.7959171357833065e-6,0.020734322461282494,0.9834575895350739,0.78,0.39,1.2056479385706045,1.6523005516597884
2019,Dao,36254.6,-0.8426206287404056,Low,0.010996187252940095,5.023762367008418e-6,-0.7799254069209302,0.4354347826854552,0.42,0.21,1.3262838265467056,2.09762878212394
2019,Dongan,33158.95,-1.342525756432408,Low,0.010645420141880454,4.661029410568736e-6,-1.2285844797433239,0.21922763744712073,0.088,0.044,1.1956718599268634,1.6128140208240698
2019,Dongkou,22122.67,-2.142253396157039,Low,0.009900462437455073,3.949781819030492e-6,-1.754002068797281,0.0794301526590095,0.016,0.008,1.00016688967192,1.1248053946765548
2019,Fenghuang,25508.94,-1.2440895275332529,Low,0.009939034241941324,4.403044674069449e-6,-0.8096454404311183,0.41814398378813644,0.444,0.222,0.8366653822617506,0.38577856208591266
2019,Guidong,19513.82,-0.1822100558403061,Low,0.008952664370284937,4.391359378188711e-6,0.9099204089350902,0.3628644857277976,0.324,0.162,1.2842884801530103,1.8498914028817994
2019,Guiyang,50599.19,0.8002567841035988,High,0.011784192803229593,3.118732645658291e-6,0.5760941321295067,0.564551557452696,0.456,0.228,0.9204651040685115,1.3152718694991492
2019,Guzhang,23179.7,-1.5864178792117827,Low,0.0099851909674687,3.935764201669717e-6,-1.1525605062291007,0.24909082138494187,0.176,0.088,0.9379341666604238,0.84650242805724
2019,Hanshou,37430.75,-0.3059844179303995,Low,0.011202516934023412,4.619306971257775e-6,-0.25393585328428914,0.7995451155040592,0.952,0.476,0.8004044735031235,0.1837043549777464
2019,Hengdong,45032.22,0.5261786032372895,High,0.01159644206449479,4.314889768030475e-6,0.4319378512137942,0.6657865835375913,0.56,0.28,1.0023976545574333,1.4061836765107296
2019,Hengnan,37014.91,-0.6303525370029643,Low,0.011107238182625614,3.242316523221134e-6,-0.5619905508829354,0.5741224570625038,0.628,0.314,0.7121734998222601,0.36385914166973476
2019,Hengshan,44780.22,0.07063903441772484,High,0.01174850817263781,4.004217678853712e-6,-0.11078147555724811,0.9117896352858855,0.976,0.488,0.8119115111945211,0.5827561335233118
2019,Hengyang,33452.1,-0.19870089461282162,Low,0.01081377307522528,4.270893402534072e-6,0.043946025541407814,0.9649474276400314,0.792,0.396,1.0949572908377248,1.840469991406409
2019,Hongjiang,29607,-1.5843244890115282,Low,0.01058193271429719,3.7461858585498688e-6,-1.354089855546454,0.17570771224937684,0.084,0.042,0.8811456268217592,0.7638558859573354
2019,Huarong,49204.21,0.41738542278100527,High,0.012488232339468061,5.237300093604787e-6,0.07620656256966125,0.9392547616989613,0.692,0.346,1.492186756543103,2.2077157358223376
2019,Huayuan,25016.13,-1.0449162624019421,Low,0.009775651221348464,5.517551556219333e-6,-0.5548597978846619,0.5789905617999629,0.668,0.334,1.4046535276938952,3.3250968587535406
2019,Huitong,26558.73,-1.4107305048926086,Low,0.010200563371767989,4.382213456338664e-6,-1.1363599988679407,0.25580592970229576,0.2,0.1,0.9472531522754158,0.7277971608317593
2019,Jiahe,42095.78,-0.31718876255580397,High,0.011470871167613373,3.935331099207544e-6,-0.4234430379635994,0.671972049891489,0.8,0.4,1.0027998433081764,1.2101597085712488
2019,Jianghua,29197.69,-0.977475821112303,Low,0.010308161588274904,3.985677207601317e-6,-0.7005846962068648,0.483562231801016,0.508,0.254,1.110326026059969,1.8626482968914786
2019,Jiangyong,32158.18,-0.769002448744428,Low,0.010168583619356934,4.810589190038825e-6,-0.5463229235900754,0.5848439814217532,0.732,0.366,1.2911206059832874,1.9736287391937601
2019,Jingzhou,32058.85,-1.280336382867155,Low,0.010373549896522487,4.294387316085387e-6,-1.2318017688410723,0.2180231424168509,0.104,0.052,1.1437442016986288,1.385594207246836
2019,Jinshi,66238.08,1.2309950940673626,High,0.013595441687398603,3.921183304830158e-6,0.4337116770352814,0.6644978260096495,0.568,0.284,0.9037558852498765,0.8705952392357577
2019,Jishou,53765.55,-1.0049011084478823,High,0.01243049637426748,4.5793433079468744e-06,-1.5834125496822051,0.11332746444009985,0.02,0.01,1.0325929062392833,1.330485962104901
2019,Lanshan,34985.54,-0.6036846664353859,Low,0.011032312128987034,5.482152538246108e-6,-0.5058245572776235,0.6129798174655721,0.708,0.354,1.1125519054681927,1.5638326351969125
2019,Leiyang,32863.04,-0.12615323335938522,Low,0.010812030247504021,4.730379321742445e-6,0.11961861670023502,0.9047852716212417,0.756,0.378,0.9686993949235733,1.3073413047060845
2019,Lengshuijiang,67826.44,0.07727593509402356,High,0.014199073442160925,4.161568507307275e-6,-1.2851086626424697,0.19875431486494455,0.084,0.042,1.2359575783171182,1.9701136244073139
2019,Li,47873.93,0.9413362713646496,High,0.011952923668494231,4.791127100664558e-6,0.8105166651800584,0.4176432908779083,0.364,0.182,1.1323036679933438,1.2881279280162135
2019,Lianyuan,29324.51,0.3597445166713392,Low,0.010594001925592858,3.043689627881055e-6,0.8322608883380033,0.40526170204965556,0.396,0.198,0.8275620774088621,0.7656943253407311
2019,Liling,74026.04,3.0522367796926178,High,0.01489270963072255,4.585739652816251e-6,2.2959274029088217,0.021680032623248018,0.08,0.04,1.353255296190401,2.3788593017124695
2019,Linli,45571.98,1.0531736964601832,High,0.01180751279113617,4.462817806344465e-6,1.0415481939211877,0.29762119808245197,0.28,0.14,1.1680845434188463,1.8297880551378354
2019,Linwu,40893.65,-0.017904763089567108,Low,0.011216275915588254,4.088387948708495e-6,0.05064710231854382,0.9596067287401604,0.828,0.414,0.984121379272502,1.1065092536660703
2019,Linxiang,57679.5,1.0377689333067415,High,0.014429184919719415,4.079505609737322e-6,0.3396401566759149,0.7341275332679773,0.444,0.226,2.2574922547179193,6.603578658788237
2019,Liuyang,103409.33,4.95416332432146,High,0.01696604285998561,4.178868820169733e-6,3.34401725533253,8.257460128542006e-4,0.024,0.012,1.1367733216304987,1.7749703436159505
2019,Longhui,19852.45,-2.578611496239495,Low,0.009785872419272297,3.9981134909417985e-6,-1.9805455504846528,0.0476422603021694,0.004,0.002,1.1036196246061212,1.7998336459837665
2019,Longshan,19574.68,-1.9570108945352918,Low,0.008959880789440116,4.2580868790694096e-6,-1.4593387517449732,0.14447189456490378,0.02,0.01,1.153531838955792,1.354501877487638
2019,Luxi,23777.48,-1.6417834023663966,Low,0.01022388094168626,3.691446378629607e-6,-1.2419621851163958,0.21425051446770696,0.12,0.06,0.9133258304861166,1.1296288367068028
2019,Mayang,25230.63,-1.5359796915355028,Low,0.01001947139983677,4.0367367987783035e-6,-1.097120453043762,0.2725887404240979,0.192,0.096,0.9645465894100066,0.9899909151659654
2019,Miluo,70953.25,4.355941110905028,High,0.013712493602748626,3.6680452668550056e-6,4.027929578246433,5.627019141625916e-5,0.008,0.004,0.9153408779507849,1.2119214640848615
2019,Nan,36136.61,0.05566340186513548,Low,0.011160075253337499,4.209474431230627e-6,0.15748200007017232,0.8748649927481827,0.692,0.346,1.2090292210614637,2.0293565788245997
2019,Ningxiang,80888.5,3.107433768713657,High,0.013812267545759172,3.849912790570369e-6,1.9386625681109413,0.052542439426962406,0.08,0.04,0.9850582361638558,0.9676609927116142
2019,Ningyuan,31539.34,-0.9664860741946643,Low,0.010656697250548177,3.128355922655784e-6,-0.699797780254003,0.48405360120615304,0.536,0.268,0.8350813242379563,1.1246192564149
2019,Pingjiang,33079.13,3.636802482385278,Low,0.010630258469530314,4.056121134648007e-6,4.897881001182235,9.687567029057478e-7,0.004,0.002,1.1424999366606237,1.7511319717773022
2019,Qidong,29668.12,-0.6201548551651029,Low,0.010745877838634661,3.721220085184828e-6,-0.3266200761191948,0.7439552571034055,0.868,0.434,0.7044373302962705,0.22095420208195637
2019,Qiyang,38769.74,-0.6655836130535747,Low,0.011306896303651462,3.811426117450045e-6,-0.6569174712275112,0.5112339836209563,0.536,0.268,1.1367172097225502,2.000660365312669
2019,Rucheng,24712.22,-0.1957413996371288,Low,0.00969264524628883,4.4592850608964576e-6,0.5348138951322166,0.592778553697943,0.52,0.26,1.1220271802960458,1.722377218311399
2019,Sangzhi,25147.18,-1.3561860456623511,Low,0.010160592113174272,3.857408574288796e-6,-0.8704306606758504,0.38406509703670805,0.392,0.196,0.9943691847370144,1.2039177932786815
2019,Shaodong,66620.27,-0.5218231876010389,High,0.012991349711654547,3.3870738714713704e-6,-1.4933706351640623,0.13534019517755225,0.072,0.036,0.6881083551171219,0.4361015156707171
2019,Shaoshan,89948.04,3.4017006309373214,High,0.016682333779011946,4.671909689045414e-6,1.8940586175976961,0.05821722976273034,0.124,0.062,1.1606902121121279,1.256192121318934
2019,Shaoyang,19328.03,-1.8588782065308787,Low,0.010084687942259226,3.699858532126328e-6,-1.2796095603100417,0.20068248585606424,0.112,0.056,1.1470546380628452,2.1263777652474216
2019,Shimen,50646.03,0.15555798142381191,High,0.012157489757406352,4.545072915535168e-6,-0.20379746858716613,0.8385117711043317,0.984,0.492,0.9781548871080552,0.9124791659126807
2019,Shuangfeng,31075.68,0.36144767705756575,Low,0.010738530988091455,4.3542913743422346e-6,0.6715712857034928,0.5018566634512325,0.448,0.224,0.8227766857722209,0.5888181048819012
2019,Shuangpai,35275.67,-0.5670675264449757,Low,0.010593628246394468,4.638579508650677e-6,-0.37102426310358755,0.7106194601314397,0.888,0.444,1.3968582531733034,2.6339157268978264
2019,Suining,25666.8,-2.185344650379455,Low,0.010678163969375726,3.912054236797997e-6,-1.8765922614528574,0.06057399881475568,0.012,0.006,0.9458448372653059,1.0718663967404094
2019,Taojiang,34095.65,1.4032201685757217,Low,0.010969318361640138,3.6891180849860907e-6,1.6752993916035688,0.0938755047646856,0.148,0.074,0.7948544552862276,0.5000017286581326
2019,Taoyuan,48062.77,-0.2563978503911859,High,0.011725490213653952,2.8093489369159187e-6,-0.4654238373963858,0.6416279669589172,0.74,0.37,0.6104216641845343,-0.00851631337273373
2019,Tongdao,25082.37,-1.5620140094594086,Low,0.009580713460081764,5.285313133714168e-6,-1.1045010199300547,0.2693758613634976,0.128,0.064,1.3869460268690679,2.3699878498135627
2019,Wangcheng,116352.94,5.6007000804678215,High,0.01634444224445978,3.35741001907112e-6,3.8461892179942843,1.1996912954987723e-4,0.012,0.006,1.0096696097033442,1.7926608303534435
2019,Wugang,20550.53,-2.6056731937704716,Low,0.009924701048194118,3.7622488458592207e-6,-2.143221984655145,0.032095277779060814,0.004,0.002,0.7767724511947334,0.08171748315136629
2019,Xiangtan,55680.73,4.604808944471167,High,0.012034960069861276,3.057838515013814e-6,4.347761386647318,1.3753411388832156e-5,0.004,0.002,0.7918063307778873,0.9100485680469617
2019,Xiangxiang,59232.66,2.0124068427038933,High,0.012805436656378687,3.7917515939212634e-6,1.6471053209193547,0.09953639964339245,0.14,0.07,1.057188828398746,1.36994829361522
2019,Xiangyin,46906.22,1.9343370279579117,High,0.01171217991546102,3.9671741714607405e-6,2.0686107811920955,0.038582625417876236,0.08,0.04,1.1164901408145265,1.5873222279832477
2019,Xinhua,24109.44,-1.510144692943365,Low,0.010229503207415523,4.0730522347329005e-6,-1.045054783606282,0.2959976504362855,0.248,0.124,1.0308364909128584,1.4216928615835371
2019,Xinhuang,27218.85,-1.0090433510467935,Low,0.008779211937413,4.905063769518346e-6,-0.48009236968302743,0.6311617136346498,0.776,0.382,2.305464593709517,6.65948730293705
2019,Xinning,19360.98,-2.1179201687743374,Low,0.009385588681899806,3.98407790380978e-6,-1.6730238429590876,0.09432260237602111,0.012,0.006,0.8017623028598126,0.3911735383648667
2019,Xinshao,20268.83,-0.9846534681238561,Low,0.010096782980455424,4.074766343903164e-6,-0.42000519500171635,0.6744816586202169,0.788,0.394,0.8320540435560808,0.43736381635380406
2019,Xintian,26924.21,-0.5457758089812456,Low,0.010209532564096652,5.2542120302605755e-6,-0.0943052050037384,0.924866715349572,0.868,0.434,1.0547478246818431,1.0131186782930612
2019,Xupu,22470.2,-2.1401420523817873,Low,0.010402652781586879,3.10659038281713e-6,-1.7578557179925753,0.0787720620546726,0.016,0.008,0.726207066649579,0.7001911667564404
2019,Yanling,42019.04,0.4816741700201399,High,0.011475346101833282,4.067720349661548e-6,0.4963490554736182,0.6196481615259332,0.544,0.272,0.7974707305092709,0.660754310585876
2019,Yizhang,36143.58,0.5968759154522033,Low,0.010993603388476113,4.802485434922336e-6,0.852674603281703,0.3938397784384355,0.352,0.176,1.3634726012396263,3.213176388547784
2019,Yongshun,19372.26,-2.2126952629894996,Low,0.009639202649674489,3.894362680371825e-6,-1.7165129744299426,0.08606819535514963,0.008,0.004,1.0834107419381669,1.4712020916195723
2019,Yongxing,58195.37,1.2308397729277674,High,0.012587792480379873,3.742560113120421e-6,0.8370651735583778,0.40255593499333225,0.372,0.186,0.7829898082885413,0.49969713310696395
2019,You,59744.51,1.049211584510987,High,0.012861707439942567,4.48718324594848e-6,0.437069906810289,0.662060650774513,0.524,0.262,1.218343650916112,2.4223739047114217
2019,Yuanjiang,36964.45,-0.18035863185714396,Low,0.011115378274194922,4.647666418332531e-6,-0.07811832122766169,0.9377339334964785,0.904,0.452,1.0299053443760506,0.9931667274490956
2019,Yuanling,27727.93,-2.0806665788962535,Low,0.010484442888757868,2.8200733050858772e-6,-1.8265226834905635,0.06777156763624749,0.016,0.008,0.8524420130727204,0.8337662101586698
2019,Yueyang,48638.04,0.8904597526355122,High,0.011624089631363828,2.886562019871446e-6,0.9012747657726944,0.3674422471462631,0.336,0.168,0.6530109155134634,0.4263405859799496
2019,Zhijiang,29278.8,-1.2906655842365697,Low,0.010468752243747532,3.839270439678071e-6,-1.0650393265773348,0.286858133716999,0.22,0.11,1.048252372753606,1.3564493474460875
2019,Zhongfang,45025.68,-1.1498063007666952,High,0.011786205669211952,4.7882732825456195e-6,-1.4070301797739146,0.15941843983717896,0.052,0.026,0.9702120415674539,1.2068956777919686
2019,Zhuzhou,47006.13,4.163154782352906,High,0.011724694636593739,4.013387318671224e-6,4.282782116602906,1.8457088835983606e-5,0.004,0.002,0.9763781291337176,0.9576368215372324
2019,Zixing,90613.01,1.0644718607444867,High,0.014338037785658318,3.0362383649548955e-6,-0.4778016301671746,0.6327914007825897,0.728,0.364,0.8070569312938499,0.7200066334840152
2020,Anhua,30480.21,-0.8838150046516707,Low,0.010465314688577837,2.0391701877034446e-6,-0.42512743800970304,0.6707437770194888,0.744,0.372,0.5325153079752021,0.17342296905787213
2020,Anren,32825.27,0.9085663705117313,Low,0.010653638974138166,2.339650662000321e-6,1.417908238207544,0.15621755688903735,0.176,0.088,0.5583955234969996,0.24944381270781069
2020,Anxiang,52289.88,1.1796876355699368,High,0.011849434051154845,3.0500330917178328e-6,1.0428471424855041,0.2970190935434097,0.296,0.148,0.592616189146247,0.1520784977894234
2020,Baojing,31410.56,-2.0216170033950265,Low,0.01035956125667361,2.8690999403163337e-6,-1.7413137240039716,0.0816286018651724,0.028,0.014,0.5037456571278554,-0.1596078938337646
2020,Chaling,45190.05,0.2716772358083157,Low,0.01136236893234601,3.5885627678142883e-6,0.336596693673987,0.7364209489793017,0.66,0.33,0.6621163235753439,0.18999708305919416
2020,Changning,44122.94,-0.4027514379117053,Low,0.011172968856424988,3.0061398461273554e-6,-0.34431168280219016,0.7306118992235195,0.824,0.412,0.6957925402449965,0.14612358004294812
2020,Changsha,134409.31,5.76691556641955,High,0.016698829019102697,2.341673565022664e-6,3.3649189189406488,7.656615537439567e-4,0.004,0.002,0.5970013082041329,0.16925177626957844
2020,Chengbu,24806.93,-2.244324013803791,Low,0.009800803104465386,3.5026186995568995e-6,-1.7136452832587092,0.08659389162833321,0.032,0.016,0.704281311534557,0.3464141116553052
2020,Chenxi,28878.67,-1.687090649318176,Low,0.010042569913228725,2.409905077501577e-6,-1.2743604736292942,0.20253569368763968,0.176,0.088,0.6040569887535756,0.19449891269567177
2020,Cili,32633.23,-0.631842286814325,Low,0.010000397004186343,3.3680560374227826e-6,-0.06362142311438145,0.9492716731189655,0.912,0.456,0.7945192093102995,0.4332808170261968
2020,Dao,36073.6,-1.0679547490402814,Low,0.010619332842933135,3.45670682578076e-6,-0.8204892633300455,0.4119372474493093,0.452,0.226,0.913929457960511,1.1017859032808683
2020,Dongan,38903.75,-1.3920236247276794,Low,0.010797962587227063,3.273446699255085e-6,-1.322558103834525,0.1859823747136323,0.092,0.046,0.8863425552639634,0.8254518926981067
2020,Dongkou,28000,-2.20416961432356,Low,0.010139447058689527,2.8546282850810557e-6,-1.8267462224767212,0.06773793497104487,0.02,0.01,0.705087243627798,0.5024097100828468
2020,Fenghuang,25336.74,-1.7216862350792048,Low,0.009692525010282978,3.1677560421058943e-6,-1.1170071849283703,0.26399125313632066,0.228,0.114,0.5306671244537037,-0.21318596366424414
2020,Guidong,28143.54,0.16779976698803592,Low,0.009560478486077688,3.134954423546007e-6,1.240386893744233,0.21483232631959706,0.264,0.132,0.8302556915109345,0.4827288925155422
2020,Guiyang,53234.34,0.4851265418260474,High,0.011648606515623678,2.2705997337163757e-6,0.30058632320843187,0.7637299619236425,0.656,0.328,0.745686854041343,0.8920885084579133
2020,Guzhang,28687.74,-1.8048008065055672,Low,0.010176681824774679,2.9077461417796994e-6,-1.3737960926541206,0.1695049945194092,0.1,0.05,0.7356329269873043,0.5395517599317197
2020,Hanshou,44998.41,0.13707136159712383,Low,0.011391286505336693,3.3093252082007555e-6,0.1321570267007658,0.8948600906347952,0.828,0.414,0.5451106589424485,-0.10213623654364667
2020,Hengdong,50975.21,0.7965193199173679,High,0.011622617473509731,3.1447753609736092e-6,0.6705422831951682,0.5025121614122288,0.46,0.23,0.7350115367571918,0.6398474229907443
2020,Hengnan,44000.4,-0.5514909050308252,Low,0.011232819747361492,2.3210396234878932e-6,-0.5307119996245424,0.5956183693875672,0.684,0.342,0.4739463995075261,-0.16237435697029534
2020,Hengshan,51263.33,0.2859285513190607,High,0.011772588584383339,2.903549442076843e-6,0.0881614138230936,0.9297483851671001,0.896,0.448,0.44358283499969803,-0.2218327862018432
2020,Hengyang,40241.52,-0.18395340044857192,Low,0.010966605633038718,2.900885950978156e-6,0.021889035258291816,0.9825364712773661,0.928,0.464,0.6227650970046702,0.2933976457820884
2020,Hongjiang,36616.63,-1.5516284081069525,Low,0.01076733277049325,2.7284451679850752e-6,-1.3467656255530498,0.17805572885965507,0.12,0.06,0.5900943707057207,0.23005466932572238
2020,Huarong,63966.45,1.3017110504452838,High,0.013502028166037103,3.730916850628088e-6,0.6683962207585125,0.5038807072447629,0.42,0.21,1.0181316027862275,0.6303890761723854
2020,Huayuan,30024.62,-1.4016406328595594,Low,0.009932982197952644,3.805610443773951e-6,-0.9496045539510871,0.34231322365927735,0.32,0.16,0.8801968445979524,1.1130546907774868
2020,Huitong,30976.92,-1.40588242631952,Low,0.010276930007858748,3.080869920925123e-6,-1.0832034530447003,0.2787181273973123,0.276,0.138,0.6372268300768608,0.12045919903361346
2020,Jiahe,42149.43,-0.7154040776463454,Low,0.011102102845681692,2.7967429083956915e-6,-0.6802118414592666,0.49637033556177546,0.588,0.294,0.6621344127306596,0.33185976221430025
2020,Jianghua,30996.53,-1.3796880205335202,Low,0.010191162635985969,3.0011806308676845e-6,-1.0158460715798292,0.30970269284764984,0.32,0.16,0.6659022432373459,0.4956360758091467
2020,Jiangyong,34958.17,-1.1167934182907577,Low,0.010015776451022244,3.5409858030864888e-6,-0.8472966860895571,0.396829773318472,0.416,0.208,0.8556879439679282,0.44433924056602203
2020,Jingzhou,37487.94,-1.322314966673845,Low,0.010531265581575402,3.081622667752909e-6,-1.2902412348368364,0.19696691331191093,0.156,0.078,0.7594906230352352,0.4749917842640259
2020,Jinshi,85563.81,2.0599244543177373,High,0.014510343170031335,2.878585215042042e-6,0.7257577200203249,0.46798731030077734,0.456,0.228,0.557658241751804,0.03002556437089199
2020,Jishou,47505.4,-1.48012024645793,High,0.011520090997859273,3.2569950459537473e-6,-1.6906045974120307,0.09091234602008523,0.036,0.018,0.6919231465412928,0.4133340664310303
2020,Lanshan,38814.37,-0.9233676609555493,Low,0.010901743591035615,3.722219075419425e-6,-0.7777849581938143,0.43669579694769717,0.472,0.236,0.7826688498971297,0.5462418507575806
2020,Leiyang,34563.84,-0.38781802758880957,Low,0.010618769445378887,3.4531537839679643e-6,-0.007303191381157263,0.9941729481516253,0.932,0.466,0.6424299686373179,0.4241331780682627
2020,Lengshuijiang,72335.86,-0.01647585854986107,High,0.013863459243690974,3.2945505312936083e-6,-1.3985067664036543,0.16196094218696966,0.092,0.046,0.8675976060509007,0.8188408115654786
2020,Li,52856.66,1.4843978449235238,High,0.01183847374447286,3.2962819528997424e-6,1.4761366444550115,0.13990721331392963,0.208,0.104,0.6973855157680451,0.1319126573452376
2020,Lianyuan,35071.97,0.2444534175549988,Low,0.010738301295969935,2.2632748039047466e-6,0.6765652943917383,0.49868180521253425,0.504,0.252,0.528415632140219,0.04848777287877537
2020,Liling,82722.1,3.4280300988574948,High,0.014851182303471608,3.392419799000178e-6,2.4660600138513686,0.01366084438493141,0.04,0.02,0.9581474791439915,1.01249032037647
2020,Linli,54799.84,1.535944935183851,High,0.012116262531664954,3.242416950526479e-6,1.3949192813411384,0.16304018202432963,0.212,0.106,0.7003183312259097,0.437608120634275
2020,Linwu,44728.37,-0.28462768463784655,Low,0.011139368699397412,3.1400078973103975e-6,-0.21482150972139935,0.8299064820550237,0.924,0.462,0.6600207414760626,0.29139935868224365
2020,Linxiang,70845.89,1.8111785769389177,High,0.015396002880534831,2.9595641914362273e-6,0.8778350154759258,0.38003325919226344,0.252,0.13,1.607482133434265,2.740559525821034
2020,Liuyang,105244.85,4.673322573054795,High,0.016096418143077714,3.0982216888338478e-6,2.9540525221557803,0.003136306234269129,0.036,0.018,0.7504759428563945,0.5723954632334718
2020,Longhui,22952.22,-2.8880649785507986,Low,0.0098511778006714,2.961384623587146e-6,-2.1722196559070026,0.029839098772792123,0.004,0.002,0.7906450062786518,0.8559896284273547
2020,Longshan,20409.02,-2.32098002071647,Low,0.008820754335746707,3.138506023782273e-6,-1.633385379091706,0.10238797011036378,0.016,0.008,0.8339693133585939,0.3636835283188984
2020,Luxi,30612.48,-1.9320902244856097,Low,0.010444194910396044,2.784298845512254e-6,-1.5540595260323062,0.12017021838707295,0.06,0.03,0.7327839222000553,0.8925142557991026
2020,Mayang,29171.01,-1.676065774211684,Low,0.010060419229340393,2.9654494285421313e-6,-1.1466515039730947,0.2515256810583796,0.216,0.108,0.6913345886913926,0.47542644901839015
2020,Miluo,81856.24,4.161820789545917,High,0.013846603238077482,2.6152678853384583e-6,3.497521317548316,4.696031803225587e-4,0.008,0.004,0.5373412611406823,0.1396934797516911
2020,Nan,48137.23,0.8854498384241539,High,0.011575644942362346,2.9076143971841957e-6,0.8197158163647542,0.41237813138407564,0.372,0.186,0.8618707596733144,1.0151542216487481
2020,Ningxiang,88100.29,3.0744135532878074,High,0.013662725995022645,2.6808352771590675e-6,1.7941191168833008,0.07279415837872213,0.096,0.048,0.693551829252714,0.30068631747660657
2020,Ningyuan,33883.14,-1.2836382487994187,Low,0.010594319152553412,2.23729861735329e-6,-0.9474132840741268,0.3434282246247774,0.344,0.172,0.5164856242198348,0.28090360004489545
2020,Pingjiang,34746.77,3.4381456244852577,Low,0.010453808907664086,2.7790208030327113e-6,4.929146904328069,8.25894567044106e-7,0.004,0.002,0.7181649757178865,0.6988119541948534
2020,Qidong,39532.38,-0.7224821824044684,Low,0.011056275102132338,2.574832989895272e-6,-0.5753619406662464,0.5650465384081832,0.664,0.332,0.45204936592322187,-0.2433683884339981
2020,Qiyang,41483.73,-0.7164268599124312,Low,0.011180559429821522,2.666347710319957e-6,-0.6351983544428428,0.5252990563572029,0.584,0.292,0.7835287121249613,0.9306358697831603
2020,Rucheng,26668.9,-0.1896774104534408,Low,0.009579426211981467,3.0914671610947044e-6,0.7620719791690936,0.4460170455979134,0.408,0.204,0.6812014880238115,0.30102330824884893
2020,Sangzhi,26797.88,-1.6577797823627298,Low,0.010092399246149908,2.766605039010044e-6,-1.047693172168627,0.2947799943600137,0.26,0.13,0.6485555637865498,0.3520240224426736
2020,Shaodong,59433.18,-0.7998082227949295,High,0.012087594799784367,2.5733364710062437e-6,-1.3577342254176876,0.17454803253778714,0.152,0.076,0.4312487785100071,-0.003818653631836977
2020,Shaoshan,93706.42,3.697613023855059,High,0.01595278487295057,3.344365638589626e-6,2.2266306802183067,0.025971966753183702,0.056,0.028,0.761450648474305,0.1775737503690249
2020,Shaoyang,23615.38,-2.1202714662512805,Low,0.010164623396084047,2.6115148703049177e-6,-1.492832325068042,0.13548108348461987,0.08,0.04,0.8438612094640725,1.30696087964599
2020,Shimen,55881.31,0.1506746233250725,High,0.012053749583220068,3.280239688834779e-6,-0.2183403648690474,0.8271639264205976,0.92,0.46,0.7168614829167606,0.40814953881516747
2020,Shuangfeng,38528.83,0.42314694236694456,Low,0.010916245860051096,3.1225757919964774e-6,0.6885253718614427,0.49112199849147614,0.436,0.218,0.615230770013391,0.2855902661279215
2020,Shuangpai,49903.17,-0.41597249275883524,High,0.011616990210040784,3.2492321208068126e-6,-0.6810909912719798,0.4958139170259576,0.544,0.272,0.8962549444794647,0.7955733658296373
2020,Suining,34378.93,-2.165720953327386,Low,0.010912210604468656,2.6543905563450334e-6,-1.9871015285298617,0.0469111469022046,0.016,0.008,0.6289798328312171,0.4863738513383846
2020,Taojiang,40715.53,1.3926827563629152,Low,0.011058748568036528,2.5431347867469666e-6,1.6786909430874593,0.09321229198004043,0.152,0.076,0.5264195481657474,-0.15508101168861055
2020,Taoyuan,53019.83,0.16710560685043024,High,0.011696364870584187,2.004152778087994e-6,-0.07203232663774958,0.9425761817262096,1,0.5,0.3968008103534991,-0.2778006425017412
2020,Tongdao,27748.29,-1.6563583939636013,Low,0.009553616725747305,3.7361490175203966e-6,-1.0707988910536577,0.2842598656627083,0.224,0.112,0.9464779355095605,0.7626065511202391
2020,Wangcheng,99736.87,5.004484808677977,High,0.014520798158281245,2.632135400053885e-6,3.66194844761294,2.503042367174609e-4,0.012,0.006,0.6564129282711977,0.6379554560917358
2020,Wugang,26499.3,-2.710220003560283,Low,0.010120490500627457,2.7124106980038253e-6,-2.2369299368899767,0.02529091958108068,0.004,0.002,0.5645653276432705,-0.026929180393622243
2020,Xiangtan,63127.09,4.415285952341913,High,0.012061166329910285,2.2274801148316876e-6,4.03250196231408,5.518615404957681e-5,0.004,0.002,0.5060733644098365,0.17880805647747922
2020,Xiangxiang,68526.22,2.3729834297840293,High,0.012951829894082731,2.7015697378918523e-6,1.8571786842321087,0.06328573656989746,0.096,0.048,0.6936738591659964,0.44361938474816887
2020,Xiangyin,58005.32,2.2696507328990947,High,0.01211195543985927,2.8895728982784875e-6,2.1709453105607754,0.029935306678078418,0.048,0.024,0.7429208313384293,0.6008048857948407
2020,Xinhua,23998.17,-1.8597690213342748,Low,0.010029543465865924,2.8290531267454175e-6,-1.2170216715346287,0.22359597049910734,0.168,0.084,0.8227695590914357,1.0489077700383813
2020,Xinhuang,32327.93,-1.0728221378315208,Low,0.00905827585386498,3.492786794355293e-6,-0.523127372326512,0.6008856183780115,0.732,0.36,1.6004923262557387,2.5955917608739423
2020,Xinning,22643.65,-2.278482086652637,Low,0.009466423522499883,2.9227198660661946e-6,-1.7228359153216053,0.08491820191226528,0.032,0.016,0.5111698712397371,-0.05705720665319225
2020,Xinshao,26531.96,-1.3394533104101922,Low,0.010303030548245743,2.916307872510764e-6,-0.8049020559290868,0.42087620191353314,0.448,0.224,0.6274935872477178,0.27704728862592054
2020,Xintian,28695.97,-0.9473491013869737,Low,0.01007774466334977,3.6385414025639533e-6,-0.3814186778892621,0.7028926037101135,0.808,0.404,0.6981632434239806,0.12209354899595848
2020,Xupu,24327.69,-2.371440687926985,Low,0.010309820880897885,2.136666304285971e-6,-1.883958057635853,0.05957064902785582,0.024,0.012,0.46185725332963307,0.15727882667858717
2020,Yanling,54406.21,0.929736098948431,High,0.011943435871621751,2.958784308780816e-6,0.7199784528003931,0.4715382623265284,0.46,0.23,0.5472064014855254,0.3346338780296332
2020,Yizhang,38855.12,0.5160210980379764,Low,0.01083578822960744,3.1557338673886846e-6,0.9145109252218768,0.36044843980695707,0.344,0.172,0.8473000592667933,1.4387444862849952
2020,Yongshun,21489.66,-2.489347904598916,Low,0.00962846776567661,2.810239961103944e-6,-1.8689928062501244,0.06162381522791185,0.012,0.006,0.7060438554492344,0.42615351580303873
2020,Yongxing,58581.29,1.2645575825514812,High,0.012156581949134665,2.7585044896396306e-6,1.0115709659818382,0.311743233893448,0.316,0.158,0.476303932135672,0.0037607415186200477
2020,You,66386.24,1.4056783550099705,High,0.012765017495060987,3.015200948349052e-6,0.7760968619491666,0.43769179639425854,0.38,0.19,0.8177729058882519,1.1011002502527942
2020,Yuanjiang,46953.47,0.48218034556226685,High,0.011509814016785944,3.3748115726547174e-6,0.433735451721829,0.6644805594440647,0.6,0.3,0.7730962594679485,0.47233928266900715
2020,Yuanling,34614.24,-2.275735515559852,Low,0.010668995163840745,2.1520279577778164e-6,-2.0173105150366406,0.04366311898663712,0.012,0.006,0.5604200997600264,0.14034669522797882
2020,Yueyang,64561.71,1.8884997612180003,High,0.012198821043289428,2.1802711353070225e-6,1.6128522555786977,0.10677661007349747,0.132,0.066,0.44312134482078575,0.1110175063490404
2020,Zhijiang,33926.61,-1.319517871586862,Low,0.010524362919823645,2.740421690201004e-6,-1.0518454707801592,0.2928704532251056,0.288,0.144,0.6524289761091262,0.127291276043362
2020,Zhongfang,53078.04,-1.156901323022999,High,0.011917127670544111,3.3677817138810526e-6,-1.5344731281760622,0.12491329915285984,0.056,0.028,0.5536750074084319,0.03979924242074606
2020,Zhuzhou,57251.6,4.187527709515836,High,0.012002301889915286,2.856355132754743e-6,4.126646798332064,3.680910700995516e-5,0.004,0.002,0.6929572267124934,0.36058022260400246
2020,Zixing,101688.21,1.2862607322523818,High,0.01434297687089251,2.152681013318063e-6,-0.5373857536673192,0.59100118192152,0.64,0.32,0.5085662691204063,0.11354793130138763
2021,Anhua,33532.19,-0.9435813285661483,Low,0.010479912289980475,2.017095399152701e-6,-0.5012143886729464,0.616220248921979,0.684,0.342,0.5190725637247152,0.16505679566500042
2021,Anren,35381.33,0.9784852276156291,Low,0.010632043998233072,2.301365191369772e-6,1.5103972551307492,0.13094208861345055,0.14,0.07,0.5355849569398637,0.21481744999362373
2021,Anxiang,56557.5,1.1877122382650822,High,0.01182384365074814,3.024510769518705e-6,1.0613114387554363,0.28854838901486735,0.284,0.142,0.5729464917872302,0.14909547026636538
2021,Baojing,34373.07,-2.0145172307078383,Low,0.010366682992215007,2.8172509762170536e-6,-1.7362498212277058,0.08251967147282638,0.032,0.016,0.49720570389091534,-0.1856059072440761
2021,Chaling,50017.34,0.3380742300088827,Low,0.011423697777030376,3.5219444969655245e-6,0.38690473906425266,0.698826732609956,0.628,0.314,0.6480553437821976,0.19597813756248428
2021,Changning,50831.75,-0.299987150159004,High,0.01133699420795911,2.9587867466229207e-6,-0.323108986226322,0.7466127049503122,0.824,0.412,0.6635320837766108,0.11105999017221624
2021,Changsha,144308.98,5.748653479415649,High,0.016566205677373918,2.3296299884325243e-6,3.389194687981728,7.009822188066455e-4,0.004,0.002,0.577311388169938,0.14260676307945674
2021,Chengbu,27146.64,-2.2499398030608564,Low,0.009797295867130271,3.414045200474586e-6,-1.7215658437807562,0.08514819502272966,0.028,0.014,0.6713110970145484,0.2771578428696517
2021,Chenxi,33211.21,-1.6560423598543126,Low,0.010154311001730202,2.40511087128525e-6,-1.2934172401148216,0.19586679058414738,0.156,0.078,0.5996860656717374,0.22294694655688385
2021,Cili,33792.95,-0.7226807245226549,Low,0.009845135548216307,3.308814530601256e-6,-0.08907271698219632,0.929024119883584,0.948,0.474,0.7772840884477095,0.3857306858014802
2021,Dao,40189.5,-1.065734079408874,Low,0.010673086874676649,3.4130698374944243e-6,-0.8433871994001407,0.3990119285995052,0.44,0.22,0.8832317600006422,0.9802893275904827
2021,Dongan,42636.79,-1.364801637705608,Low,0.010810354335639885,3.227209184522459e-6,-1.295006360955348,0.19531803516605317,0.104,0.052,0.8553118551608072,0.764034968300018
2021,Dongkou,30503.87,-2.221084029736761,Low,0.010130973821283727,2.784302391471766e-6,-1.8455809559063092,0.06495307379603614,0.016,0.008,0.6757029364698531,0.4369108640151729
2021,Fenghuang,27183.47,-1.705816255458546,Low,0.009646581047178502,3.118084610288297e-6,-1.0658918451078663,0.2864725358080938,0.276,0.138,0.5107610739349903,-0.22448970346993802
2021,Guidong,31444.43,0.261639048231033,Low,0.00962911049387911,3.097671482142773e-6,1.331202044163556,0.18312253898578026,0.228,0.114,0.8102747702205615,0.4728255880467911
2021,Guiyang,58334.65,0.5069460713045978,High,0.011656986844352107,2.234028408451582e-6,0.315901483461141,0.7520772859037409,0.64,0.32,0.7442300401752041,0.9128686787016655
2021,Guzhang,31346.95,-1.8182904519437963,Low,0.010177316598181102,2.8619182189875683e-6,-1.3855105038204647,0.1658964229430695,0.092,0.046,0.7128304360624419,0.48912828838546796
2021,Hanshou,51498.49,0.21595061468111362,High,0.011543474801510984,3.27760449598801e-6,0.13225157960797593,0.8947853047470559,0.82,0.41,0.5445868146040227,-0.08359879524889591
2021,Hengdong,56094.09,0.8503319172970613,High,0.01165387506608125,3.1223866219825244e-6,0.7042872666994894,0.4812538944356224,0.448,0.224,0.7132329346529984,0.6146402489631062
2021,Hengnan,48598.98,-0.49056302830277126,Low,0.011253351707552706,2.2776383082667375e-6,-0.4765782164555763,0.6336624982228122,0.72,0.36,0.4612557833478951,-0.19311358178471139
2021,Hengshan,55985.48,0.30281849008891415,High,0.011773994550638663,2.8930802987614794e-6,0.10439426569118608,0.9168564731347978,0.888,0.444,0.42510121990133537,-0.2259042806695355
2021,Hengyang,44587.12,-0.1351791710655466,Low,0.011013163479808009,2.865530033378381e-6,0.05199832622180907,0.9585300270929229,0.92,0.46,0.5909364528717932,0.22789595757435244
2021,Hongjiang,39401.34,-1.6189799670822462,Low,0.010739700079928043,2.7059199912572282e-6,-1.3970501655431573,0.16239848617037597,0.116,0.058,0.5621589848665656,0.20008630956948448
2021,Huarong,71324.08,1.3527190742593147,High,0.013660973186850629,3.6501513412858772e-6,0.6493963710546459,0.5160822090202339,0.432,0.216,1.0023802070287122,0.6101614802550346
2021,Huayuan,34107.49,-1.3713567295683426,Low,0.010049459096543863,3.7522473180201418e-6,-0.967843598749523,0.33312248587723275,0.316,0.158,0.8684777117949781,1.0391860336192158
2021,Huitong,34465.96,-1.432605946899496,Low,0.010323639428542227,3.030633156393599e-6,-1.1389444250049237,0.25472633473814366,0.26,0.13,0.6122993988097432,0.08351419875247368
2021,Jiahe,45982.28,-0.7735138544241735,Low,0.011100520144392848,2.7339924733573807e-6,-0.7491255015372704,0.45378156588790697,0.536,0.268,0.6621127200068282,0.3347423262044882
2021,Jianghua,32449.03,-1.412977624935251,Low,0.010083595226849726,2.9303940417162915e-6,-0.9938411538585114,0.3203002070158373,0.332,0.166,0.6435319990794472,0.44971925990164197
2021,Jiangyong,38432.84,-1.1247855643542908,Low,0.01004717907531814,3.47630941824768e-6,-0.8717767614689232,0.3833301744406087,0.412,0.206,0.8284280127615072,0.3839377858573041
2021,Jingzhou,39509.88,-1.3754932687252903,Low,0.010413193739080891,3.03920567030552e-6,-1.289563116071638,0.19720238891019573,0.148,0.074,0.7278560260188099,0.4631074265402284
2021,Jinshi,91429.24,1.9846151193058876,High,0.014370068233075657,2.885571821435106e-6,0.6952637421624175,0.48689003222819704,0.468,0.234,0.5264925482139908,-0.0031412345599628466
2021,Jishou,51625.85,-1.4874436258088577,High,0.011508360823181784,3.2147490180857456e-6,-1.6913819319251506,0.09076388085381878,0.04,0.02,0.6811146950174252,0.4313455899224907
2021,Lanshan,42179.1,-0.917210362983433,Low,0.010885359452363151,3.636713153948431e-6,-0.7640245101406398,0.4448526365139468,0.484,0.242,0.74494393602573306,0.44728253517873773
2021,Leiyang,36945.49,-0.35326347206286046,Low,0.010573527677731696,3.379751997745165e-6,0.056704762656859795,0.9547803800709201,0.88,0.44,0.6186036198833234,0.3885457338620797
2021,Lengshuijiang,78220.18,-0.04028741963056437,High,0.01378977492900961,3.235906073388765e-6,-1.4007870083686864,0.16127777474115662,0.088,0.044,0.8386678461418612,0.7304236642578434
2021,Li,58025.99,1.461741155578509,High,0.011866448681954569,3.265293946914436e-6,1.4285539340618678,0.15313248242871128,0.212,0.106,0.6763941514182752,0.1043503527915397
2021,Lianyuan,38403.67,0.20168452758811276,Low,0.01074385264979923,2.2332690702437296e-6,0.6298605000376896,0.5287858583177394,0.516,0.258,0.5158800732958442,0.04584657241674073
2021,Liling,93399.58,3.5642741974812924,High,0.01512410281563072,3.290821388701319e-6,2.496008635697998,0.012559954378682868,0.036,0.018,0.9275935004685713,0.9151766866998852
2021,Linli,59191.87,1.4986281122659344,High,0.012069520521142374,3.2069397249454152e-6,1.3715561342636784,0.17020165734652892,0.208,0.104,0.6585417670721544,0.345950231806162
2021,Linwu,50764.49,-0.21087376781762437,High,0.011286180762711508,3.1042040003581966e-6,-0.20857397364909278,0.8347808297268641,0.936,0.468,0.6326172593844439,0.23274781550949974
2021,Linxiang,71581.61,1.4988190942689703,High,0.014545232747450992,2.9609463187044214e-6,0.79725875238946,0.425300770497218,0.312,0.16,1.547723612431456,2.489063685888481
2021,Liuyang,112990.98,4.6775222537235726,High,0.015967382235596697,3.062535515111654e-6,3.00894046328533,0.0026216048418950598,0.028,0.014,0.7408733574763031,0.5530416964307272
2021,Longhui,25459.21,-2.8828579663101497,Low,0.009870357410272044,2.9096381193792916e-6,-2.1749104482369734,0.029636827803864407,0.004,0.002,0.7396930643466778,0.7224399530270262
2021,Longshan,22463.74,-2.350749863837706,Low,0.008845885128657256,3.05648473289107e-6,-1.6866254189191436,0.09167540109753666,0.012,0.006,0.8097212434284542,0.3098475823840725
2021,Luxi,33047.17,-1.9039376259606198,Low,0.01041925669810519,2.7289397478036654e-6,-1.5085014896980662,0.13142622569505846,0.072,0.036,0.7157893567397065,0.9265975644212232
2021,Mayang,33604.97,-1.664083953076701,Low,0.010168278438985767,2.922926338996431e-6,-1.1905699378428658,0.23382245906711394,0.184,0.092,0.6732441493173333,0.4381700785284228
2021,Miluo,89186.75,4.139506502636403,High,0.0138314845971598,2.604620854740475e-6,3.450692001070395,5.591512841765519e-4,0.008,0.004,0.5347157822790408,0.1432931367406125
2021,Nan,53129.49,0.938175990027907,High,0.011617076323573838,2.885725252694077e-6,0.8475920505692246,0.3966652030265211,0.364,0.182,0.8364265871169104,0.9378810954268233
2021,Ningxiang,92094.64,3.0126131925402784,High,0.013463331318339778,2.6540640086816235e-6,1.838131436835824,0.0660430398268069,0.092,0.046,0.6824599810322886,0.29339149901464
2021,Ningyuan,37505.95,-1.3747395404102283,Low,0.010619102739714106,2.211980035508885e-6,-1.0624244075667968,0.28804305822738147,0.3,0.15,0.5162889040315611,0.25809138023706124
2021,Pingjiang,38165.79,3.3636225186169546,Low,0.01047756616613885,2.73634314091346e-6,4.826052688781375,1.3926567923551958e-6,0.004,0.002,0.6776109886089539,0.5454368395556921
2021,Qidong,43733.1,-0.6063511992537264,Low,0.011088215956304536,2.52893067528727e-6,-0.47155997530057353,0.6372409011274112,0.732,0.366,0.46026020182312793,-0.2272317401461783
2021,Qiyang,45655.76,-0.73977760079325,Low,0.011191417558042196,2.647626440327878e-6,-0.6629528758333604,0.5073607354739027,0.536,0.268,0.7740722463948844,0.9719542584586525
2021,Rucheng,29078.93,-0.14698706835908731,Low,0.009573698784556033,3.0716399198904485e-6,0.8262725624774085,0.40864949415815827,0.364,0.182,0.6770056047988712,0.32352865184418844
2021,Sangzhi,28329.9,-1.71616059752308,Low,0.010043640211237916,2.740484561660008e-6,-1.073696391895988,0.28295877903298117,0.256,0.128,0.649223860768228,0.3209444414199578
2021,Shaodong,66843.24,-0.733826262739056,High,0.012198857880620449,2.5392388963891873e-6,-1.3553058041858748,0.17532014653573716,0.156,0.078,0.4184385347913141,-0.02891844947484401
2021,Shaoshan,102405.23,3.6736241769434943,High,0.015966074380316,3.3118965459888445e-6,2.165123971456282,0.030378192664932198,0.056,0.028,0.7324530528035987,0.12443406601269524
2021,Shaoyang,26315.99,-2.0613351788435295,Low,0.010192276438772676,2.5730666354288856e-6,-1.4427624417060818,0.14908740265499285,0.092,0.046,0.8257001830520652,1.3032610385164292
2021,Shimen,61489.87,0.11206628832430149,High,0.01208638667241797,3.257287220679016e-6,-0.27990608721255295,0.7795495569079771,0.864,0.432,0.6970247075683952,0.3621151136481342
2021,Shuangfeng,40536.86,0.44092552368971877,Low,0.010835441512733624,3.0830542253305563e-6,0.7540484343766033,0.450820139081968,0.424,0.212,0.6082221531236298,0.3226042346495199
2021,Shuangpai,53948.38,-0.40528055764369536,High,0.011574847609160244,3.183840270324605e-6,-0.6465460305287243,0.5179257968534361,0.552,0.276,0.8866287158298974,0.802094649321901
2021,Suining,37445.34,-2.1980990911395097,Low,0.010905092523000447,2.6113564609315975e-6,-2.0163651234503464,0.043761809673673845,0.016,0.008,0.637021576525422,0.5473626053271192
2021,Taojiang,44188.01,1.3900138321123647,Low,0.011044871442049868,2.5189533814979077e-6,1.6818135512633616,0.09260500013995267,0.144,0.072,0.5132246591150091,-0.1718874647785178
2021,Taoyuan,57464.1,0.13699102351998813,High,0.011681645823770608,1.9851875362656907e-6,-0.09241483786881846,0.9263684509624192,0.988,0.494,0.3945259208759477,-0.27948609268202196
2021,Tongdao,30252.86,-1.6967332757005607,Low,0.009553189669450372,3.6818753068392587e-6,-1.112738001310668,0.26582096957102,0.192,0.096,0.9417347549679566,0.7701436168856111
2021,Wangcheng,109828.34,4.974135385635895,High,0.014570991552925062,2.5861139584806113e-6,3.588173133649095,3.330031392396992e-4,0.012,0.006,0.6259039238228796,0.6210085492904844
2021,Wugang,29255.79,-2.701935924092113,Low,0.010131582699421285,2.673201182670023e-6,-2.229107265511358,0.025806768618044262,0.004,0.002,0.556505994623157,-0.04292813369440163
2021,Xiangtan,69501.79,4.400005300703236,High,0.01207801693154749,2.194476608043337e-6,4.002953742375245,6.255653690582991e-5,0.004,0.002,0.5015108952083579,0.1637373428406237
2021,Xiangxiang,75317.08,2.3302780114985757,High,0.012982740581586778,2.637224804604475e-6,1.7889289964655029,0.07362625126961132,0.112,0.056,0.6640858791837765,0.3889381789552733
2021,Xiangyin,63264.98,2.274399027276817,High,0.012117236713939755,2.8464968522940147e-6,2.1706061053414567,0.029960960187170784,0.052,0.026,0.7065523450598766,0.5535367157405879
2021,Xinhua,26067.63,-1.873362892423846,Low,0.010023284945770131,2.7573734083502754e-6,-1.2290108957810515,0.21906772087474885,0.16,0.08,0.8045138180594877,0.9596549344125749
2021,Xinhuang,36768.8,-1.0122632071606343,Low,0.009276943303811794,3.451998361179424e-6,-0.5320915802141203,0.594662568637741,0.704,0.346,1.557107631375029,2.3985833425778313
2021,Xinning,24933.77,-2.2669958912855885,Low,0.009484261343544836,2.916649763237523e-6,-1.7003627042634508,0.0890627225449486,0.04,0.02,0.503175240637772,-0.04758326275409752
2021,Xinshao,29170.36,-1.3078389356117754,Low,0.010318950113070692,2.874237355993837e-6,-0.7761109628847784,0.4376834712434026,0.476,0.238,0.5849415949350365,0.20881641222473757
2021,Xintian,25621.89,-1.1367994228246936,Low,0.009659995603828029,3.571524699467588e-6,-0.36773841310968264,0.7130682949836539,0.836,0.418,0.6864644881057353,0.10854367823426347
2021,Xupu,26490.79,-2.3972660157482237,Low,0.010312378849607742,2.1052167801257836e-6,-1.9091226327989765,0.05624627371259505,0.024,0.012,0.46550837638884957,0.18243490416594366
2021,Yanling,61440.26,1.0550000030544648,High,0.012069316599336398,2.9186356903943523e-6,0.7858839859726396,0.43193545720027343,0.424,0.212,0.5134618157877754,0.2018450277313577
2021,Yizhang,42720.2,0.5923168964226895,Low,0.010862671654307224,3.104321462424611e-6,0.9936579721671664,0.3203894103180761,0.3,0.15,0.8315359121536783,1.3752725299450823
2021,Yongshun,23229.15,-2.514586017264392,Low,0.009615206024058092,2.789001123768745e-6,-1.8764006098987807,0.06060029090427971,0.02,0.01,0.675272913680045,0.38887432813817435
2021,Yongxing,64680.42,1.3378232495174034,High,0.012201707487006417,2.720843008982639e-6,1.0665771458906368,0.2861628251529362,0.308,0.154,0.4731374677220817,0.026749880225047207
2021,You,72749.63,1.5072158138073526,High,0.012778917698044494,2.9569560826465927e-6,0.8786927230860874,0.3795679052933661,0.348,0.174,0.8068001574843656,1.0803326628557812
2021,Yuanjiang,51714.27,0.5179945671266005,High,0.01154422133979329,3.3271007198222014e-6,0.45235062419550687,0.6510164114478756,0.604,0.302,0.7563022931769231,0.4655313469219049
2021,Yuanling,38385.63,-2.274423133415299,Low,0.010689039119944559,2.1439098896070534e-6,-2.015328110934626,0.0438702813693849,0.012,0.006,0.5573865305799026,0.15068218407496392
2021,Yueyang,68758.67,1.806222240318269,High,0.012120396586945558,2.1556871601176545e-6,1.5648233519156387,0.11762433469702066,0.128,0.064,0.41290685024461643,0.02483509846779297
2021,Zhijiang,36814.16,-1.3258035068828162,Low,0.010513924309033277,2.6718814266475143e-6,-1.0549069464011354,0.29146788500284976,0.3,0.15,0.6212395035050772,0.03582095332833868
2021,Zhongfang,55189.81,-1.2123512712570763,High,0.0117449202019439,3.34218494750819e-6,-1.4960730328546339,0.13463462443877613,0.088,0.044,0.5127080597650997,-0.01868942578096
2021,Zhuzhou,63541.62,4.255139137807198,High,0.012055300203136832,2.8182766436636417e-6,4.162735356007316,3.144577489877088e-5,0.008,0.004,0.6853666553947569,0.3799491741562271
2021,Zixing,112253.71,1.3872689952782797,High,0.014406925829037083,2.1077359373253606e-6,-0.48040498834064693,0.6309394479711465,0.692,0.346,0.5070054283433818,0.11183869462893403
